id;data_hora;pid;processo
010101;2026-10-01 10:33:17;0;System Idle Process
010101;2026-10-01 10:33:17;4;System
010101;2026-10-01 10:33:17;188;
010101;2026-10-01 10:33:17;232;Registry
010101;2026-10-01 10:33:17;804;smss.exe
010101;2026-10-01 10:33:17;1020;svchost.exe
010101;2026-10-01 10:33:17;1096;csrss.exe
010101;2026-10-01 10:33:17;1100;svchost.exe
010101;2026-10-01 10:33:17;1108;svchost.exe
010101;2026-10-01 10:33:17;1204;wininit.exe
010101;2026-10-01 10:33:17;1324;services.exe
010101;2026-10-01 10:33:17;1368;LsaIso.exe
010101;2026-10-01 10:33:17;1376;lsass.exe
010101;2026-10-01 10:33:17;1524;svchost.exe
010101;2026-10-01 10:33:17;1556;fontdrvhost.exe
010101;2026-10-01 10:33:17;1584;WUDFHost.exe
010101;2026-10-01 10:33:17;1708;svchost.exe
010101;2026-10-01 10:33:17;1760;svchost.exe
010101;2026-10-01 10:33:17;1784;msedge.exe
010101;2026-10-01 10:33:17;1860;svchost.exe
010101;2026-10-01 10:33:17;1864;WUDFHost.exe
010101;2026-10-01 10:33:17;1976;msedgewebview2.exe
010101;2026-10-01 10:33:17;2016;svchost.exe
010101;2026-10-01 10:33:17;2044;svchost.exe
010101;2026-10-01 10:33:17;2084;msedge.exe
010101;2026-10-01 10:33:17;2124;svchost.exe
010101;2026-10-01 10:33:17;2132;svchost.exe
010101;2026-10-01 10:33:17;2140;svchost.exe
010101;2026-10-01 10:33:17;2148;svchost.exe
010101;2026-10-01 10:33:17;2156;svchost.exe
010101;2026-10-01 10:33:17;2224;svchost.exe
010101;2026-10-01 10:33:17;2320;svchost.exe
010101;2026-10-01 10:33:17;2328;IntelCpHDCPSvc.exe
010101;2026-10-01 10:33:17;2344;svchost.exe
010101;2026-10-01 10:33:17;2376;PSAgent.exe
010101;2026-10-01 10:33:17;2392;svchost.exe
010101;2026-10-01 10:33:17;2480;svchost.exe
010101;2026-10-01 10:33:17;2644;svchost.exe
010101;2026-10-01 10:33:17;2696;svchost.exe
010101;2026-10-01 10:33:17;2736;firefox.exe
010101;2026-10-01 10:33:17;2776;svchost.exe
010101;2026-10-01 10:33:17;2976;svchost.exe
010101;2026-10-01 10:33:17;2988;svchost.exe
010101;2026-10-01 10:33:17;3020;jhi_service.exe
010101;2026-10-01 10:33:17;3096;NVDisplay.Container.exe
010101;2026-10-01 10:33:17;3104;OneDrive.exe
010101;2026-10-01 10:33:17;3128;svchost.exe
010101;2026-10-01 10:33:17;3156;svchost.exe
010101;2026-10-01 10:33:17;3184;svchost.exe
010101;2026-10-01 10:33:17;3196;ShellHost.exe
010101;2026-10-01 10:33:17;3260;svchost.exe
010101;2026-10-01 10:33:17;3284;firefox.exe
010101;2026-10-01 10:33:17;3340;svchost.exe
010101;2026-10-01 10:33:17;3348;svchost.exe
010101;2026-10-01 10:33:17;3356;svchost.exe
010101;2026-10-01 10:33:17;3372;svchost.exe
010101;2026-10-01 10:33:17;3408;explorer.exe
010101;2026-10-01 10:33:17;3516;svchost.exe
010101;2026-10-01 10:33:17;3524;MemCompression
010101;2026-10-01 10:33:17;3596;svchost.exe
010101;2026-10-01 10:33:17;3648;conhost.exe
010101;2026-10-01 10:33:17;3656;svchost.exe
010101;2026-10-01 10:33:17;3696;igfxCUIServiceN.exe
010101;2026-10-01 10:33:17;3744;svchost.exe
010101;2026-10-01 10:33:17;3752;svchost.exe
010101;2026-10-01 10:33:17;3808;WUDFHost.exe
010101;2026-10-01 10:33:17;3820;svchost.exe
010101;2026-10-01 10:33:17;3828;svchost.exe
010101;2026-10-01 10:33:17;3840;svchost.exe
010101;2026-10-01 10:33:17;3868;RuntimeBroker.exe
010101;2026-10-01 10:33:17;4108;MsMpEng.exe
010101;2026-10-01 10:33:17;4112;svchost.exe
010101;2026-10-01 10:33:17;4128;rstudio.exe
010101;2026-10-01 10:33:17;4144;igfxextN.exe
010101;2026-10-01 10:33:17;4196;svchost.exe
010101;2026-10-01 10:33:17;4224;svchost.exe
010101;2026-10-01 10:33:17;4232;svchost.exe
010101;2026-10-01 10:33:17;4244;RstMwService.exe
010101;2026-10-01 10:33:17;4264;svchost.exe
010101;2026-10-01 10:33:17;4352;LockApp.exe
010101;2026-10-01 10:33:17;4444;firefox.exe
010101;2026-10-01 10:33:17;4452;svchost.exe
010101;2026-10-01 10:33:17;4484;svchost.exe
010101;2026-10-01 10:33:17;4620;OpenConsole.exe
010101;2026-10-01 10:33:17;4644;spoolsv.exe
010101;2026-10-01 10:33:17;4740;svchost.exe
010101;2026-10-01 10:33:17;4872;backgroundTaskHost.exe
010101;2026-10-01 10:33:17;4892;svchost.exe
010101;2026-10-01 10:33:17;4900;svchost.exe
010101;2026-10-01 10:33:17;4908;svchost.exe
010101;2026-10-01 10:33:17;4916;svchost.exe
010101;2026-10-01 10:33:17;4924;svchost.exe
010101;2026-10-01 10:33:17;4932;svchost.exe
010101;2026-10-01 10:33:17;4944;svchost.exe
010101;2026-10-01 10:33:17;4956;svchost.exe
010101;2026-10-01 10:33:17;4972;OneApp.IGCC.WinService.exe
010101;2026-10-01 10:33:17;4984;escsvc64.exe
010101;2026-10-01 10:33:17;5000;msedgewebview2.exe
010101;2026-10-01 10:33:17;5004;KillerAnalyticsService.exe
010101;2026-10-01 10:33:17;5016;wslservice.exe
010101;2026-10-01 10:33:17;5024;EPCP.exe
010101;2026-10-01 10:33:17;5032;nvcontainer.exe
010101;2026-10-01 10:33:17;5048;ACCSvc.exe
010101;2026-10-01 10:33:17;5072;IntelAudioService.exe
010101;2026-10-01 10:33:17;5088;RtkAudUService64.exe
010101;2026-10-01 10:33:17;5172;MpDefenderCoreService.exe
010101;2026-10-01 10:33:17;5200;OfficeClickToRun.exe
010101;2026-10-01 10:33:17;5244;rstudio.exe
010101;2026-10-01 10:33:17;5292;LMS.exe
010101;2026-10-01 10:33:17;5356;mysqld.exe
010101;2026-10-01 10:33:17;5628;powershell.exe
010101;2026-10-01 10:33:17;5640;KillerNetworkService.exe
010101;2026-10-01 10:33:17;5704;svchost.exe
010101;2026-10-01 10:33:17;5724;esif_uf.exe
010101;2026-10-01 10:33:17;5868;xTendUtilityService.exe
010101;2026-10-01 10:33:17;5956;svchost.exe
010101;2026-10-01 10:33:17;6044;svchost.exe
010101;2026-10-01 10:33:17;6120;svchost.exe
010101;2026-10-01 10:33:17;6148;Code.exe
010101;2026-10-01 10:33:17;6360;KAPSService.exe
010101;2026-10-01 10:33:17;6480;conhost.exe
010101;2026-10-01 10:33:17;6524;mysqld.exe
010101;2026-10-01 10:33:17;6536;conhost.exe
010101;2026-10-01 10:33:17;6548;conhost.exe
010101;2026-10-01 10:33:17;6664;firefox.exe
010101;2026-10-01 10:33:17;7076;RuntimeBroker.exe
010101;2026-10-01 10:33:17;7156;xTendUtility.exe
010101;2026-10-01 10:33:17;7164;KAPS.exe
010101;2026-10-01 10:33:17;7184;msedgewebview2.exe
010101;2026-10-01 10:33:17;7344;G-Menu.exe
010101;2026-10-01 10:33:17;7888;powershell.exe
010101;2026-10-01 10:33:17;7892;AggregatorHost.exe
010101;2026-10-01 10:33:17;7908;msedge.exe
010101;2026-10-01 10:33:17;8012;svchost.exe
010101;2026-10-01 10:33:17;8016;RtkAudUService64.exe
010101;2026-10-01 10:33:17;8028;WmiPrvSE.exe
010101;2026-10-01 10:33:17;8088;WindowsPackageManagerServer.exe
010101;2026-10-01 10:33:17;8096;SystemSettings.exe
010101;2026-10-01 10:33:17;8104;NisSrv.exe
010101;2026-10-01 10:33:17;8272;TextInputHost.exe
010101;2026-10-01 10:33:17;8344;svchost.exe
010101;2026-10-01 10:33:17;8384;WidgetBoard.exe
010101;2026-10-01 10:33:17;8548;wlanext.exe
010101;2026-10-01 10:33:17;8624;SecurityHealthSystray.exe
010101;2026-10-01 10:33:17;8628;svchost.exe
010101;2026-10-01 10:33:17;8768;svchost.exe
010101;2026-10-01 10:33:17;8860;G_Menu.exe
010101;2026-10-01 10:33:17;8912;PresentationFontCache.exe
010101;2026-10-01 10:33:17;9104;Code.exe
010101;2026-10-01 10:33:17;9192;svchost.exe
010101;2026-10-01 10:33:17;9320;svchost.exe
010101;2026-10-01 10:33:17;9416;firefox.exe
010101;2026-10-01 10:33:17;9448;firefox.exe
010101;2026-10-01 10:33:17;9464;msedge.exe
010101;2026-10-01 10:33:17;9656;svchost.exe
010101;2026-10-01 10:33:17;9792;msedgewebview2.exe
010101;2026-10-01 10:33:17;9800;conhost.exe
010101;2026-10-01 10:33:17;9812;msedgewebview2.exe
010101;2026-10-01 10:33:17;9976;svchost.exe
010101;2026-10-01 10:33:17;9988;svchost.exe
010101;2026-10-01 10:33:17;10200;svchost.exe
010101;2026-10-01 10:33:17;10256;svchost.exe
010101;2026-10-01 10:33:17;10280;msedge.exe
010101;2026-10-01 10:33:17;10292;msedgewebview2.exe
010101;2026-10-01 10:33:17;10316;NgcIso.exe
010101;2026-10-01 10:33:17;10376;Code.exe
010101;2026-10-01 10:33:17;10576;msedgewebview2.exe
010101;2026-10-01 10:33:17;10700;AppActions.exe
010101;2026-10-01 10:33:17;10936;msedge.exe
010101;2026-10-01 10:33:17;10996;Code.exe
010101;2026-10-01 10:33:17;11252;Code.exe
010101;2026-10-01 10:33:17;11324;WmiPrvSE.exe
010101;2026-10-01 10:33:17;11364;msedgewebview2.exe
010101;2026-10-01 10:33:17;11372;msedgewebview2.exe
010101;2026-10-01 10:33:17;11700;firefox.exe
010101;2026-10-01 10:33:17;11752;svchost.exe
010101;2026-10-01 10:33:17;11832;fontdrvhost.exe
010101;2026-10-01 10:33:17;11844;taskhostw.exe
010101;2026-10-01 10:33:17;11900;ApplicationFrameHost.exe
010101;2026-10-01 10:33:17;11948;rstudio.exe
010101;2026-10-01 10:33:17;11964;svchost.exe
010101;2026-10-01 10:33:17;12336;csrss.exe
010101;2026-10-01 10:33:17;12512;msedgewebview2.exe
010101;2026-10-01 10:33:17;12540;RuntimeBroker.exe
010101;2026-10-01 10:33:17;12544;jetbrainsd.exe
010101;2026-10-01 10:33:17;12640;FileCoAuth.exe
010101;2026-10-01 10:33:17;12652;Code.exe
010101;2026-10-01 10:33:17;12664;svchost.exe
010101;2026-10-01 10:33:17;12676;sihost.exe
010101;2026-10-01 10:33:17;12708;E_YATIN8E.EXE
010101;2026-10-01 10:33:17;12816;svchost.exe
010101;2026-10-01 10:33:17;13056;firefox.exe
010101;2026-10-01 10:33:17;13224;powershell.exe
010101;2026-10-01 10:33:17;13332;WidgetService.exe
010101;2026-10-01 10:33:17;13704;SearchIndexer.exe
010101;2026-10-01 10:33:17;13908;FileSyncHelper.exe
010101;2026-10-01 10:33:17;13976;RuntimeBroker.exe
010101;2026-10-01 10:33:17;14120;svchost.exe
010101;2026-10-01 10:33:17;14256;dwm.exe
010101;2026-10-01 10:33:17;14300;svchost.exe
010101;2026-10-01 10:33:17;14432;StartMenuExperienceHost.exe
010101;2026-10-01 10:33:17;14668;SecurityHealthService.exe
010101;2026-10-01 10:33:17;14676;PSSvc.exe
010101;2026-10-01 10:33:17;14812;svchost.exe
010101;2026-10-01 10:33:17;14884;DefenderSessionHelper.exe
010101;2026-10-01 10:33:17;15028;firefox.exe
010101;2026-10-01 10:33:17;15276;msedge.exe
010101;2026-10-01 10:33:17;15372;M365Copilot.exe
010101;2026-10-01 10:33:17;15432;Code.exe
010101;2026-10-01 10:33:17;15484;unsecapp.exe
010101;2026-10-01 10:33:17;15576;pet.exe
010101;2026-10-01 10:33:17;15692;svchost.exe
010101;2026-10-01 10:33:17;15816;G-Menu.exe
010101;2026-10-01 10:33:17;15828;svchost.exe
010101;2026-10-01 10:33:17;16056;nvcontainer.exe
010101;2026-10-01 10:33:17;16160;winlogon.exe
010101;2026-10-01 10:33:17;16264;svchost.exe
010101;2026-10-01 10:33:17;16360;Code.exe
010101;2026-10-01 10:33:17;16396;msedgewebview2.exe
010101;2026-10-01 10:33:17;16444;audiodg.exe
010101;2026-10-01 10:33:17;16580;svchost.exe
010101;2026-10-01 10:33:17;16588;CrossDeviceResume.exe
010101;2026-10-01 10:33:17;16592;G-Menu.exe
010101;2026-10-01 10:33:17;16604;firefox.exe
010101;2026-10-01 10:33:17;16772;NVDisplay.Container.exe
010101;2026-10-01 10:33:17;16968;msedgewebview2.exe
010101;2026-10-01 10:33:17;17224;firefox.exe
010101;2026-10-01 10:33:17;17332;Code.exe
010101;2026-10-01 10:33:17;17652;msedgewebview2.exe
010101;2026-10-01 10:33:17;17756;msedgewebview2.exe
010101;2026-10-01 10:33:17;17884;RuntimeBroker.exe
010101;2026-10-01 10:33:17;17964;msedgewebview2.exe
010101;2026-10-01 10:33:17;18232;rstudio.exe
010101;2026-10-01 10:33:17;18244;rsession-utf8.exe
010101;2026-10-01 10:33:17;18368;Code.exe
010101;2026-10-01 10:33:17;18396;ACCStd.exe
010101;2026-10-01 10:33:17;18604;firefox.exe
010101;2026-10-01 10:33:17;18900;G-Menu.exe
010101;2026-10-01 10:33:17;18980;ctfmon.exe
010101;2026-10-01 10:33:17;19332;svchost.exe
010101;2026-10-01 10:33:17;19516;MicrosoftEdgeUpdate.exe
010101;2026-10-01 10:33:17;19872;msedge.exe
010101;2026-10-01 10:33:17;19952;Code.exe
010101;2026-10-01 10:33:17;20132;UserOOBEBroker.exe
010101;2026-10-01 10:33:17;20148;conhost.exe
010101;2026-10-01 10:33:17;20240;igfxEMN.exe
010101;2026-10-01 10:33:17;20272;firefox.exe
010101;2026-10-01 10:33:17;20320;EEventManager.exe
010101;2026-10-01 10:33:17;20336;firefox.exe
010101;2026-10-01 10:33:17;20416;ms-teams.exe
010101;2026-10-01 10:33:17;20748;firefox.exe
010101;2026-10-01 10:33:17;20804;msedgewebview2.exe
010101;2026-10-01 10:33:17;20904;svchost.exe
010101;2026-10-01 10:33:17;20932;QASvc.exe
010101;2026-10-01 10:33:17;21012;firefox.exe
010101;2026-10-01 10:33:17;21028;Notepad.exe
010101;2026-10-01 10:33:17;21072;firefox.exe
010101;2026-10-01 10:33:17;21084;SearchHost.exe
010101;2026-10-01 10:33:17;21204;powershell.exe
010101;2026-10-01 10:33:17;21460;svchost.exe
010101;2026-10-01 10:33:17;21568;msedgewebview2.exe
010101;2026-10-01 10:33:17;21596;msedgewebview2.exe
010101;2026-10-01 10:33:17;21832;RuntimeBroker.exe
010101;2026-10-01 10:33:17;21856;igfxextN.exe
010101;2026-10-01 10:33:17;21952;svchost.exe
010101;2026-10-01 10:33:17;22092;msedgewebview2.exe
010101;2026-10-01 10:33:17;22144;svchost.exe
010101;2026-10-01 10:33:17;22188;msedgewebview2.exe
010101;2026-10-01 10:33:17;22340;svchost.exe
010101;2026-10-01 10:33:17;22456;OneDrive.Sync.Service.exe
010101;2026-10-01 10:33:17;22552;crashhelper.exe
010101;2026-10-01 10:33:17;22580;svchost.exe
010101;2026-10-01 10:33:17;22768;ms-teams.exe
010101;2026-10-01 10:33:17;22924;PSAdminAgent.exe
010101;2026-10-01 10:33:17;22988;OpenConsole.exe
010101;2026-10-01 10:33:17;23056;msedge.exe
010101;2026-10-01 10:33:17;23096;firefox.exe
010101;2026-10-01 10:33:17;23108;jetbrains-toolbox.exe
010101;2026-10-01 10:33:17;23140;firefox.exe
010101;2026-10-01 10:33:17;23148;G-Menu.exe
010101;2026-10-01 10:33:17;23212;OpenConsole.exe
010101;2026-10-01 10:33:17;23240;QAAgent.exe
010101;2026-10-01 10:33:17;23296;RtkAudUService64.exe
010101;2026-10-01 10:33:17;23320;QAAdminAgent.exe
010101;2026-10-01 10:33:17;23424;firefox.exe
010101;2026-10-01 10:33:17;23516;Code.exe
010101;2026-10-01 10:33:17;23736;msedge.exe
010101;2026-10-01 10:33:17;23744;PowerToys.FancyZones.exe
010101;2026-10-01 10:33:17;24172;Code.exe
010101;2026-10-01 10:33:17;24188;MicrosoftStartFeedProvider.exe
010101;2026-10-01 10:33:17;24192;Code.exe
010101;2026-10-01 10:33:17;24224;svchost.exe
010101;2026-10-01 10:33:17;24240;firefox.exe
010101;2026-10-01 10:33:17;24400;nvcontainer.exe
010101;2026-10-01 10:33:17;24496;python.exe
010101;2026-10-01 10:33:17;24520;svchost.exe
010101;2026-10-01 10:33:17;24528;firefox.exe
010101;2026-10-01 10:33:17;24616;firefox.exe
010101;2026-10-01 10:33:17;24652;firefox.exe
010101;2026-10-01 10:33:17;25012;firefox.exe
010101;2026-10-01 10:33:17;25016;firefox.exe
010101;2026-10-01 10:33:17;25212;svchost.exe
010101;2026-10-01 10:33:17;25280;ePowerButton_NB.exe
010101;2026-10-01 10:33:17;25416;WmiPrvSE.exe
010101;2026-10-01 10:33:17;25428;firefox.exe
010101;2026-10-01 10:33:17;25464;Code.exe
010101;2026-10-01 10:33:17;25476;firefox.exe
010101;2026-10-01 10:33:29;0;System Idle Process
010101;2026-10-01 10:33:29;4;System
010101;2026-10-01 10:33:29;188;
010101;2026-10-01 10:33:29;232;Registry
010101;2026-10-01 10:33:29;804;smss.exe
010101;2026-10-01 10:33:29;1020;svchost.exe
010101;2026-10-01 10:33:29;1096;csrss.exe
010101;2026-10-01 10:33:29;1100;svchost.exe
010101;2026-10-01 10:33:29;1108;svchost.exe
010101;2026-10-01 10:33:29;1204;wininit.exe
010101;2026-10-01 10:33:29;1324;services.exe
010101;2026-10-01 10:33:29;1368;LsaIso.exe
010101;2026-10-01 10:33:29;1376;lsass.exe
010101;2026-10-01 10:33:29;1524;svchost.exe
010101;2026-10-01 10:33:29;1556;fontdrvhost.exe
010101;2026-10-01 10:33:29;1584;WUDFHost.exe
010101;2026-10-01 10:33:29;1708;svchost.exe
010101;2026-10-01 10:33:29;1760;svchost.exe
010101;2026-10-01 10:33:29;1784;msedge.exe
010101;2026-10-01 10:33:29;1860;svchost.exe
010101;2026-10-01 10:33:29;1864;WUDFHost.exe
010101;2026-10-01 10:33:29;1976;msedgewebview2.exe
010101;2026-10-01 10:33:29;2016;svchost.exe
010101;2026-10-01 10:33:29;2044;svchost.exe
010101;2026-10-01 10:33:29;2084;msedge.exe
010101;2026-10-01 10:33:29;2124;svchost.exe
010101;2026-10-01 10:33:29;2132;svchost.exe
010101;2026-10-01 10:33:29;2140;svchost.exe
010101;2026-10-01 10:33:29;2148;svchost.exe
010101;2026-10-01 10:33:29;2156;svchost.exe
010101;2026-10-01 10:33:29;2224;svchost.exe
010101;2026-10-01 10:33:29;2320;svchost.exe
010101;2026-10-01 10:33:29;2328;IntelCpHDCPSvc.exe
010101;2026-10-01 10:33:29;2344;svchost.exe
010101;2026-10-01 10:33:29;2376;PSAgent.exe
010101;2026-10-01 10:33:29;2392;svchost.exe
010101;2026-10-01 10:33:29;2480;svchost.exe
010101;2026-10-01 10:33:29;2644;svchost.exe
010101;2026-10-01 10:33:29;2696;svchost.exe
010101;2026-10-01 10:33:29;2736;firefox.exe
010101;2026-10-01 10:33:29;2776;svchost.exe
010101;2026-10-01 10:33:29;2976;svchost.exe
010101;2026-10-01 10:33:29;2988;svchost.exe
010101;2026-10-01 10:33:29;3020;jhi_service.exe
010101;2026-10-01 10:33:29;3096;NVDisplay.Container.exe
010101;2026-10-01 10:33:29;3104;OneDrive.exe
010101;2026-10-01 10:33:29;3128;svchost.exe
010101;2026-10-01 10:33:29;3156;svchost.exe
010101;2026-10-01 10:33:29;3184;svchost.exe
010101;2026-10-01 10:33:29;3196;ShellHost.exe
010101;2026-10-01 10:33:29;3260;svchost.exe
010101;2026-10-01 10:33:29;3284;firefox.exe
010101;2026-10-01 10:33:29;3340;svchost.exe
010101;2026-10-01 10:33:29;3348;svchost.exe
010101;2026-10-01 10:33:29;3356;svchost.exe
010101;2026-10-01 10:33:29;3372;svchost.exe
010101;2026-10-01 10:33:29;3408;explorer.exe
010101;2026-10-01 10:33:29;3516;svchost.exe
010101;2026-10-01 10:33:29;3524;MemCompression
010101;2026-10-01 10:33:29;3596;svchost.exe
010101;2026-10-01 10:33:29;3648;conhost.exe
010101;2026-10-01 10:33:29;3656;svchost.exe
010101;2026-10-01 10:33:29;3696;igfxCUIServiceN.exe
010101;2026-10-01 10:33:29;3744;svchost.exe
010101;2026-10-01 10:33:29;3752;svchost.exe
010101;2026-10-01 10:33:29;3808;WUDFHost.exe
010101;2026-10-01 10:33:29;3820;svchost.exe
010101;2026-10-01 10:33:29;3828;svchost.exe
010101;2026-10-01 10:33:29;3840;svchost.exe
010101;2026-10-01 10:33:29;3868;RuntimeBroker.exe
010101;2026-10-01 10:33:29;4108;MsMpEng.exe
010101;2026-10-01 10:33:29;4112;svchost.exe
010101;2026-10-01 10:33:29;4128;rstudio.exe
010101;2026-10-01 10:33:29;4144;igfxextN.exe
010101;2026-10-01 10:33:29;4196;svchost.exe
010101;2026-10-01 10:33:29;4224;svchost.exe
010101;2026-10-01 10:33:29;4232;svchost.exe
010101;2026-10-01 10:33:29;4244;RstMwService.exe
010101;2026-10-01 10:33:29;4264;svchost.exe
010101;2026-10-01 10:33:29;4352;LockApp.exe
010101;2026-10-01 10:33:29;4444;firefox.exe
010101;2026-10-01 10:33:29;4452;svchost.exe
010101;2026-10-01 10:33:29;4484;svchost.exe
010101;2026-10-01 10:33:29;4620;OpenConsole.exe
010101;2026-10-01 10:33:29;4644;spoolsv.exe
010101;2026-10-01 10:33:29;4740;svchost.exe
010101;2026-10-01 10:33:29;4872;backgroundTaskHost.exe
010101;2026-10-01 10:33:29;4892;svchost.exe
010101;2026-10-01 10:33:29;4900;svchost.exe
010101;2026-10-01 10:33:29;4908;svchost.exe
010101;2026-10-01 10:33:29;4916;svchost.exe
010101;2026-10-01 10:33:29;4924;svchost.exe
010101;2026-10-01 10:33:29;4932;svchost.exe
010101;2026-10-01 10:33:29;4944;svchost.exe
010101;2026-10-01 10:33:29;4956;svchost.exe
010101;2026-10-01 10:33:29;4972;OneApp.IGCC.WinService.exe
010101;2026-10-01 10:33:29;4984;escsvc64.exe
010101;2026-10-01 10:33:29;5000;msedgewebview2.exe
010101;2026-10-01 10:33:29;5004;KillerAnalyticsService.exe
010101;2026-10-01 10:33:29;5016;wslservice.exe
010101;2026-10-01 10:33:29;5024;EPCP.exe
010101;2026-10-01 10:33:29;5032;nvcontainer.exe
010101;2026-10-01 10:33:29;5048;ACCSvc.exe
010101;2026-10-01 10:33:29;5072;IntelAudioService.exe
010101;2026-10-01 10:33:29;5088;RtkAudUService64.exe
010101;2026-10-01 10:33:29;5172;MpDefenderCoreService.exe
010101;2026-10-01 10:33:29;5200;OfficeClickToRun.exe
010101;2026-10-01 10:33:29;5244;rstudio.exe
010101;2026-10-01 10:33:29;5292;LMS.exe
010101;2026-10-01 10:33:29;5356;mysqld.exe
010101;2026-10-01 10:33:29;5628;powershell.exe
010101;2026-10-01 10:33:29;5640;KillerNetworkService.exe
010101;2026-10-01 10:33:29;5704;svchost.exe
010101;2026-10-01 10:33:29;5724;esif_uf.exe
010101;2026-10-01 10:33:29;5868;xTendUtilityService.exe
010101;2026-10-01 10:33:29;5956;svchost.exe
010101;2026-10-01 10:33:29;6044;svchost.exe
010101;2026-10-01 10:33:29;6120;svchost.exe
010101;2026-10-01 10:33:29;6148;Code.exe
010101;2026-10-01 10:33:29;6360;KAPSService.exe
010101;2026-10-01 10:33:29;6480;conhost.exe
010101;2026-10-01 10:33:29;6524;mysqld.exe
010101;2026-10-01 10:33:29;6536;conhost.exe
010101;2026-10-01 10:33:29;6548;conhost.exe
010101;2026-10-01 10:33:29;6664;firefox.exe
010101;2026-10-01 10:33:29;7076;RuntimeBroker.exe
010101;2026-10-01 10:33:29;7156;xTendUtility.exe
010101;2026-10-01 10:33:29;7164;KAPS.exe
010101;2026-10-01 10:33:29;7184;msedgewebview2.exe
010101;2026-10-01 10:33:29;7344;G-Menu.exe
010101;2026-10-01 10:33:29;7888;powershell.exe
010101;2026-10-01 10:33:29;7892;AggregatorHost.exe
010101;2026-10-01 10:33:29;7908;msedge.exe
010101;2026-10-01 10:33:29;8012;svchost.exe
010101;2026-10-01 10:33:29;8016;RtkAudUService64.exe
010101;2026-10-01 10:33:29;8028;WmiPrvSE.exe
010101;2026-10-01 10:33:29;8088;WindowsPackageManagerServer.exe
010101;2026-10-01 10:33:29;8096;SystemSettings.exe
010101;2026-10-01 10:33:29;8104;NisSrv.exe
010101;2026-10-01 10:33:29;8272;TextInputHost.exe
010101;2026-10-01 10:33:29;8344;svchost.exe
010101;2026-10-01 10:33:29;8384;WidgetBoard.exe
010101;2026-10-01 10:33:29;8548;wlanext.exe
010101;2026-10-01 10:33:29;8624;SecurityHealthSystray.exe
010101;2026-10-01 10:33:29;8628;svchost.exe
010101;2026-10-01 10:33:29;8768;svchost.exe
010101;2026-10-01 10:33:29;8860;G_Menu.exe
010101;2026-10-01 10:33:29;8912;PresentationFontCache.exe
010101;2026-10-01 10:33:29;9104;Code.exe
010101;2026-10-01 10:33:29;9192;svchost.exe
010101;2026-10-01 10:33:29;9320;svchost.exe
010101;2026-10-01 10:33:29;9416;firefox.exe
010101;2026-10-01 10:33:29;9448;firefox.exe
010101;2026-10-01 10:33:29;9464;msedge.exe
010101;2026-10-01 10:33:29;9656;svchost.exe
010101;2026-10-01 10:33:29;9792;msedgewebview2.exe
010101;2026-10-01 10:33:29;9800;conhost.exe
010101;2026-10-01 10:33:29;9812;msedgewebview2.exe
010101;2026-10-01 10:33:29;9976;svchost.exe
010101;2026-10-01 10:33:29;9988;svchost.exe
010101;2026-10-01 10:33:29;10200;svchost.exe
010101;2026-10-01 10:33:29;10256;svchost.exe
010101;2026-10-01 10:33:29;10280;msedge.exe
010101;2026-10-01 10:33:29;10292;msedgewebview2.exe
010101;2026-10-01 10:33:29;10316;NgcIso.exe
010101;2026-10-01 10:33:29;10376;Code.exe
010101;2026-10-01 10:33:29;10576;msedgewebview2.exe
010101;2026-10-01 10:33:29;10700;AppActions.exe
010101;2026-10-01 10:33:29;10936;msedge.exe
010101;2026-10-01 10:33:29;10996;Code.exe
010101;2026-10-01 10:33:29;11252;Code.exe
010101;2026-10-01 10:33:29;11324;WmiPrvSE.exe
010101;2026-10-01 10:33:29;11364;msedgewebview2.exe
010101;2026-10-01 10:33:29;11372;msedgewebview2.exe
010101;2026-10-01 10:33:29;11700;firefox.exe
010101;2026-10-01 10:33:29;11752;svchost.exe
010101;2026-10-01 10:33:29;11832;fontdrvhost.exe
010101;2026-10-01 10:33:29;11844;taskhostw.exe
010101;2026-10-01 10:33:29;11900;ApplicationFrameHost.exe
010101;2026-10-01 10:33:29;11948;rstudio.exe
010101;2026-10-01 10:33:29;11964;svchost.exe
010101;2026-10-01 10:33:29;12336;csrss.exe
010101;2026-10-01 10:33:29;12512;msedgewebview2.exe
010101;2026-10-01 10:33:29;12540;RuntimeBroker.exe
010101;2026-10-01 10:33:29;12544;jetbrainsd.exe
010101;2026-10-01 10:33:29;12640;FileCoAuth.exe
010101;2026-10-01 10:33:29;12652;Code.exe
010101;2026-10-01 10:33:29;12664;svchost.exe
010101;2026-10-01 10:33:29;12676;sihost.exe
010101;2026-10-01 10:33:29;12708;E_YATIN8E.EXE
010101;2026-10-01 10:33:29;12816;svchost.exe
010101;2026-10-01 10:33:29;13056;firefox.exe
010101;2026-10-01 10:33:29;13224;powershell.exe
010101;2026-10-01 10:33:29;13332;WidgetService.exe
010101;2026-10-01 10:33:29;13704;SearchIndexer.exe
010101;2026-10-01 10:33:29;13908;FileSyncHelper.exe
010101;2026-10-01 10:33:29;13976;RuntimeBroker.exe
010101;2026-10-01 10:33:29;14120;svchost.exe
010101;2026-10-01 10:33:29;14256;dwm.exe
010101;2026-10-01 10:33:29;14300;svchost.exe
010101;2026-10-01 10:33:29;14432;StartMenuExperienceHost.exe
010101;2026-10-01 10:33:29;14668;SecurityHealthService.exe
010101;2026-10-01 10:33:29;14676;PSSvc.exe
010101;2026-10-01 10:33:29;14812;svchost.exe
010101;2026-10-01 10:33:29;14884;DefenderSessionHelper.exe
010101;2026-10-01 10:33:29;15028;firefox.exe
010101;2026-10-01 10:33:29;15276;msedge.exe
010101;2026-10-01 10:33:29;15372;M365Copilot.exe
010101;2026-10-01 10:33:29;15432;Code.exe
010101;2026-10-01 10:33:29;15484;unsecapp.exe
010101;2026-10-01 10:33:29;15576;pet.exe
010101;2026-10-01 10:33:29;15692;svchost.exe
010101;2026-10-01 10:33:29;15816;G-Menu.exe
010101;2026-10-01 10:33:29;15828;svchost.exe
010101;2026-10-01 10:33:29;16056;nvcontainer.exe
010101;2026-10-01 10:33:29;16160;winlogon.exe
010101;2026-10-01 10:33:29;16264;svchost.exe
010101;2026-10-01 10:33:29;16360;Code.exe
010101;2026-10-01 10:33:29;16396;msedgewebview2.exe
010101;2026-10-01 10:33:29;16444;audiodg.exe
010101;2026-10-01 10:33:29;16580;svchost.exe
010101;2026-10-01 10:33:29;16588;CrossDeviceResume.exe
010101;2026-10-01 10:33:29;16592;G-Menu.exe
010101;2026-10-01 10:33:29;16604;firefox.exe
010101;2026-10-01 10:33:29;16772;NVDisplay.Container.exe
010101;2026-10-01 10:33:29;16968;msedgewebview2.exe
010101;2026-10-01 10:33:29;17224;firefox.exe
010101;2026-10-01 10:33:29;17332;Code.exe
010101;2026-10-01 10:33:29;17652;msedgewebview2.exe
010101;2026-10-01 10:33:29;17756;msedgewebview2.exe
010101;2026-10-01 10:33:29;17884;RuntimeBroker.exe
010101;2026-10-01 10:33:29;17964;msedgewebview2.exe
010101;2026-10-01 10:33:29;18232;rstudio.exe
010101;2026-10-01 10:33:29;18244;rsession-utf8.exe
010101;2026-10-01 10:33:29;18368;Code.exe
010101;2026-10-01 10:33:29;18396;ACCStd.exe
010101;2026-10-01 10:33:29;18604;firefox.exe
010101;2026-10-01 10:33:29;18900;G-Menu.exe
010101;2026-10-01 10:33:29;18980;ctfmon.exe
010101;2026-10-01 10:33:29;19332;svchost.exe
010101;2026-10-01 10:33:29;19516;MicrosoftEdgeUpdate.exe
010101;2026-10-01 10:33:29;19872;msedge.exe
010101;2026-10-01 10:33:29;19952;Code.exe
010101;2026-10-01 10:33:29;20132;UserOOBEBroker.exe
010101;2026-10-01 10:33:29;20148;conhost.exe
010101;2026-10-01 10:33:29;20240;igfxEMN.exe
010101;2026-10-01 10:33:29;20272;firefox.exe
010101;2026-10-01 10:33:29;20320;EEventManager.exe
010101;2026-10-01 10:33:29;20336;firefox.exe
010101;2026-10-01 10:33:29;20416;ms-teams.exe
010101;2026-10-01 10:33:29;20748;firefox.exe
010101;2026-10-01 10:33:29;20804;msedgewebview2.exe
010101;2026-10-01 10:33:29;20904;svchost.exe
010101;2026-10-01 10:33:29;20932;QASvc.exe
010101;2026-10-01 10:33:29;21012;firefox.exe
010101;2026-10-01 10:33:29;21028;Notepad.exe
010101;2026-10-01 10:33:29;21072;firefox.exe
010101;2026-10-01 10:33:29;21084;SearchHost.exe
010101;2026-10-01 10:33:29;21204;powershell.exe
010101;2026-10-01 10:33:29;21460;svchost.exe
010101;2026-10-01 10:33:29;21568;msedgewebview2.exe
010101;2026-10-01 10:33:29;21596;msedgewebview2.exe
010101;2026-10-01 10:33:29;21832;RuntimeBroker.exe
010101;2026-10-01 10:33:29;21856;igfxextN.exe
010101;2026-10-01 10:33:29;21952;svchost.exe
010101;2026-10-01 10:33:29;22092;msedgewebview2.exe
010101;2026-10-01 10:33:29;22144;svchost.exe
010101;2026-10-01 10:33:29;22188;msedgewebview2.exe
010101;2026-10-01 10:33:29;22340;svchost.exe
010101;2026-10-01 10:33:29;22456;OneDrive.Sync.Service.exe
010101;2026-10-01 10:33:29;22552;crashhelper.exe
010101;2026-10-01 10:33:29;22580;svchost.exe
010101;2026-10-01 10:33:29;22768;ms-teams.exe
010101;2026-10-01 10:33:29;22924;PSAdminAgent.exe
010101;2026-10-01 10:33:29;22988;OpenConsole.exe
010101;2026-10-01 10:33:29;23056;msedge.exe
010101;2026-10-01 10:33:29;23096;firefox.exe
010101;2026-10-01 10:33:29;23108;jetbrains-toolbox.exe
010101;2026-10-01 10:33:29;23148;G-Menu.exe
010101;2026-10-01 10:33:29;23212;OpenConsole.exe
010101;2026-10-01 10:33:29;23240;QAAgent.exe
010101;2026-10-01 10:33:29;23296;RtkAudUService64.exe
010101;2026-10-01 10:33:29;23320;QAAdminAgent.exe
010101;2026-10-01 10:33:29;23424;firefox.exe
010101;2026-10-01 10:33:29;23516;Code.exe
010101;2026-10-01 10:33:29;23736;msedge.exe
010101;2026-10-01 10:33:29;23744;PowerToys.FancyZones.exe
010101;2026-10-01 10:33:29;24172;Code.exe
010101;2026-10-01 10:33:29;24188;MicrosoftStartFeedProvider.exe
010101;2026-10-01 10:33:29;24192;Code.exe
010101;2026-10-01 10:33:29;24224;svchost.exe
010101;2026-10-01 10:33:29;24240;firefox.exe
010101;2026-10-01 10:33:29;24400;nvcontainer.exe
010101;2026-10-01 10:33:29;24496;python.exe
010101;2026-10-01 10:33:29;24520;svchost.exe
010101;2026-10-01 10:33:29;24528;firefox.exe
010101;2026-10-01 10:33:29;24616;firefox.exe
010101;2026-10-01 10:33:29;24652;firefox.exe
010101;2026-10-01 10:33:29;25012;firefox.exe
010101;2026-10-01 10:33:29;25016;firefox.exe
010101;2026-10-01 10:33:29;25212;svchost.exe
010101;2026-10-01 10:33:29;25280;ePowerButton_NB.exe
010101;2026-10-01 10:33:29;25416;WmiPrvSE.exe
010101;2026-10-01 10:33:29;25428;firefox.exe
010101;2026-10-01 10:33:29;25464;Code.exe
010101;2026-10-01 10:33:29;25476;firefox.exe
010101;2026-10-01 10:33:41;0;System Idle Process
010101;2026-10-01 10:33:41;4;System
010101;2026-10-01 10:33:41;188;
010101;2026-10-01 10:33:41;232;Registry
010101;2026-10-01 10:33:41;804;smss.exe
010101;2026-10-01 10:33:41;1020;svchost.exe
010101;2026-10-01 10:33:41;1096;csrss.exe
010101;2026-10-01 10:33:41;1100;svchost.exe
010101;2026-10-01 10:33:41;1108;svchost.exe
010101;2026-10-01 10:33:41;1204;wininit.exe
010101;2026-10-01 10:33:41;1324;services.exe
010101;2026-10-01 10:33:41;1368;LsaIso.exe
010101;2026-10-01 10:33:41;1376;lsass.exe
010101;2026-10-01 10:33:41;1524;svchost.exe
010101;2026-10-01 10:33:41;1556;fontdrvhost.exe
010101;2026-10-01 10:33:41;1584;WUDFHost.exe
010101;2026-10-01 10:33:41;1708;svchost.exe
010101;2026-10-01 10:33:41;1760;svchost.exe
010101;2026-10-01 10:33:41;1784;msedge.exe
010101;2026-10-01 10:33:41;1860;svchost.exe
010101;2026-10-01 10:33:41;1864;WUDFHost.exe
010101;2026-10-01 10:33:41;1976;msedgewebview2.exe
010101;2026-10-01 10:33:41;2016;svchost.exe
010101;2026-10-01 10:33:41;2044;svchost.exe
010101;2026-10-01 10:33:41;2084;msedge.exe
010101;2026-10-01 10:33:41;2124;svchost.exe
010101;2026-10-01 10:33:41;2132;svchost.exe
010101;2026-10-01 10:33:41;2140;svchost.exe
010101;2026-10-01 10:33:41;2148;svchost.exe
010101;2026-10-01 10:33:41;2156;svchost.exe
010101;2026-10-01 10:33:41;2224;svchost.exe
010101;2026-10-01 10:33:41;2320;svchost.exe
010101;2026-10-01 10:33:41;2328;IntelCpHDCPSvc.exe
010101;2026-10-01 10:33:41;2344;svchost.exe
010101;2026-10-01 10:33:41;2376;PSAgent.exe
010101;2026-10-01 10:33:41;2392;svchost.exe
010101;2026-10-01 10:33:41;2480;svchost.exe
010101;2026-10-01 10:33:41;2644;svchost.exe
010101;2026-10-01 10:33:41;2696;svchost.exe
010101;2026-10-01 10:33:41;2736;firefox.exe
010101;2026-10-01 10:33:41;2776;svchost.exe
010101;2026-10-01 10:33:41;2976;svchost.exe
010101;2026-10-01 10:33:41;2988;svchost.exe
010101;2026-10-01 10:33:41;3020;jhi_service.exe
010101;2026-10-01 10:33:41;3096;NVDisplay.Container.exe
010101;2026-10-01 10:33:41;3104;OneDrive.exe
010101;2026-10-01 10:33:41;3128;svchost.exe
010101;2026-10-01 10:33:41;3156;svchost.exe
010101;2026-10-01 10:33:41;3184;svchost.exe
010101;2026-10-01 10:33:41;3196;ShellHost.exe
010101;2026-10-01 10:33:41;3260;svchost.exe
010101;2026-10-01 10:33:41;3284;firefox.exe
010101;2026-10-01 10:33:41;3340;svchost.exe
010101;2026-10-01 10:33:41;3348;svchost.exe
010101;2026-10-01 10:33:41;3356;svchost.exe
010101;2026-10-01 10:33:41;3372;svchost.exe
010101;2026-10-01 10:33:41;3408;explorer.exe
010101;2026-10-01 10:33:41;3516;svchost.exe
010101;2026-10-01 10:33:41;3524;MemCompression
010101;2026-10-01 10:33:41;3596;svchost.exe
010101;2026-10-01 10:33:41;3648;conhost.exe
010101;2026-10-01 10:33:41;3656;svchost.exe
010101;2026-10-01 10:33:41;3696;igfxCUIServiceN.exe
010101;2026-10-01 10:33:41;3744;svchost.exe
010101;2026-10-01 10:33:41;3752;svchost.exe
010101;2026-10-01 10:33:41;3808;WUDFHost.exe
010101;2026-10-01 10:33:41;3820;svchost.exe
010101;2026-10-01 10:33:41;3828;svchost.exe
010101;2026-10-01 10:33:41;3840;svchost.exe
010101;2026-10-01 10:33:41;3868;RuntimeBroker.exe
010101;2026-10-01 10:33:41;4108;MsMpEng.exe
010101;2026-10-01 10:33:41;4112;svchost.exe
010101;2026-10-01 10:33:41;4128;rstudio.exe
010101;2026-10-01 10:33:41;4144;igfxextN.exe
010101;2026-10-01 10:33:41;4196;svchost.exe
010101;2026-10-01 10:33:41;4224;svchost.exe
010101;2026-10-01 10:33:41;4232;svchost.exe
010101;2026-10-01 10:33:41;4244;RstMwService.exe
010101;2026-10-01 10:33:41;4264;svchost.exe
010101;2026-10-01 10:33:41;4352;LockApp.exe
010101;2026-10-01 10:33:41;4444;firefox.exe
010101;2026-10-01 10:33:41;4452;svchost.exe
010101;2026-10-01 10:33:41;4484;svchost.exe
010101;2026-10-01 10:33:41;4620;OpenConsole.exe
010101;2026-10-01 10:33:41;4644;spoolsv.exe
010101;2026-10-01 10:33:41;4740;svchost.exe
010101;2026-10-01 10:33:41;4872;backgroundTaskHost.exe
010101;2026-10-01 10:33:41;4892;svchost.exe
010101;2026-10-01 10:33:41;4900;svchost.exe
010101;2026-10-01 10:33:41;4908;svchost.exe
010101;2026-10-01 10:33:41;4916;svchost.exe
010101;2026-10-01 10:33:41;4924;svchost.exe
010101;2026-10-01 10:33:41;4932;svchost.exe
010101;2026-10-01 10:33:41;4944;svchost.exe
010101;2026-10-01 10:33:41;4956;svchost.exe
010101;2026-10-01 10:33:41;4972;OneApp.IGCC.WinService.exe
010101;2026-10-01 10:33:41;4984;escsvc64.exe
010101;2026-10-01 10:33:41;5000;msedgewebview2.exe
010101;2026-10-01 10:33:41;5004;KillerAnalyticsService.exe
010101;2026-10-01 10:33:41;5016;wslservice.exe
010101;2026-10-01 10:33:41;5024;EPCP.exe
010101;2026-10-01 10:33:41;5032;nvcontainer.exe
010101;2026-10-01 10:33:41;5048;ACCSvc.exe
010101;2026-10-01 10:33:41;5072;IntelAudioService.exe
010101;2026-10-01 10:33:41;5088;RtkAudUService64.exe
010101;2026-10-01 10:33:41;5172;MpDefenderCoreService.exe
010101;2026-10-01 10:33:41;5200;OfficeClickToRun.exe
010101;2026-10-01 10:33:41;5244;rstudio.exe
010101;2026-10-01 10:33:41;5292;LMS.exe
010101;2026-10-01 10:33:41;5356;mysqld.exe
010101;2026-10-01 10:33:41;5628;powershell.exe
010101;2026-10-01 10:33:41;5640;KillerNetworkService.exe
010101;2026-10-01 10:33:41;5704;svchost.exe
010101;2026-10-01 10:33:41;5724;esif_uf.exe
010101;2026-10-01 10:33:41;5868;xTendUtilityService.exe
010101;2026-10-01 10:33:41;5956;svchost.exe
010101;2026-10-01 10:33:41;6044;svchost.exe
010101;2026-10-01 10:33:41;6120;svchost.exe
010101;2026-10-01 10:33:41;6148;Code.exe
010101;2026-10-01 10:33:41;6360;KAPSService.exe
010101;2026-10-01 10:33:41;6480;conhost.exe
010101;2026-10-01 10:33:41;6524;mysqld.exe
010101;2026-10-01 10:33:41;6536;conhost.exe
010101;2026-10-01 10:33:41;6548;conhost.exe
010101;2026-10-01 10:33:41;7076;RuntimeBroker.exe
010101;2026-10-01 10:33:41;7156;xTendUtility.exe
010101;2026-10-01 10:33:41;7164;KAPS.exe
010101;2026-10-01 10:33:41;7184;msedgewebview2.exe
010101;2026-10-01 10:33:41;7344;G-Menu.exe
010101;2026-10-01 10:33:41;7888;powershell.exe
010101;2026-10-01 10:33:41;7892;AggregatorHost.exe
010101;2026-10-01 10:33:41;7908;msedge.exe
010101;2026-10-01 10:33:41;8012;svchost.exe
010101;2026-10-01 10:33:41;8016;RtkAudUService64.exe
010101;2026-10-01 10:33:41;8028;WmiPrvSE.exe
010101;2026-10-01 10:33:41;8088;WindowsPackageManagerServer.exe
010101;2026-10-01 10:33:41;8096;SystemSettings.exe
010101;2026-10-01 10:33:41;8104;NisSrv.exe
010101;2026-10-01 10:33:41;8272;TextInputHost.exe
010101;2026-10-01 10:33:41;8344;svchost.exe
010101;2026-10-01 10:33:41;8384;WidgetBoard.exe
010101;2026-10-01 10:33:41;8548;wlanext.exe
010101;2026-10-01 10:33:41;8624;SecurityHealthSystray.exe
010101;2026-10-01 10:33:41;8628;svchost.exe
010101;2026-10-01 10:33:41;8768;svchost.exe
010101;2026-10-01 10:33:41;8860;G_Menu.exe
010101;2026-10-01 10:33:41;8912;PresentationFontCache.exe
010101;2026-10-01 10:33:41;9104;Code.exe
010101;2026-10-01 10:33:41;9192;svchost.exe
010101;2026-10-01 10:33:41;9320;svchost.exe
010101;2026-10-01 10:33:41;9416;firefox.exe
010101;2026-10-01 10:33:41;9448;firefox.exe
010101;2026-10-01 10:33:41;9464;msedge.exe
010101;2026-10-01 10:33:41;9656;svchost.exe
010101;2026-10-01 10:33:41;9792;msedgewebview2.exe
010101;2026-10-01 10:33:41;9800;conhost.exe
010101;2026-10-01 10:33:41;9812;msedgewebview2.exe
010101;2026-10-01 10:33:41;9976;svchost.exe
010101;2026-10-01 10:33:41;9988;svchost.exe
010101;2026-10-01 10:33:41;10200;svchost.exe
010101;2026-10-01 10:33:41;10256;svchost.exe
010101;2026-10-01 10:33:41;10280;msedge.exe
010101;2026-10-01 10:33:41;10292;msedgewebview2.exe
010101;2026-10-01 10:33:41;10316;NgcIso.exe
010101;2026-10-01 10:33:41;10376;Code.exe
010101;2026-10-01 10:33:41;10576;msedgewebview2.exe
010101;2026-10-01 10:33:41;10700;AppActions.exe
010101;2026-10-01 10:33:41;10936;msedge.exe
010101;2026-10-01 10:33:41;10996;Code.exe
010101;2026-10-01 10:33:41;11252;Code.exe
010101;2026-10-01 10:33:41;11364;msedgewebview2.exe
010101;2026-10-01 10:33:41;11372;msedgewebview2.exe
010101;2026-10-01 10:33:41;11700;firefox.exe
010101;2026-10-01 10:33:41;11752;svchost.exe
010101;2026-10-01 10:33:41;11832;fontdrvhost.exe
010101;2026-10-01 10:33:41;11844;taskhostw.exe
010101;2026-10-01 10:33:41;11900;ApplicationFrameHost.exe
010101;2026-10-01 10:33:41;11948;rstudio.exe
010101;2026-10-01 10:33:41;11964;svchost.exe
010101;2026-10-01 10:33:41;12336;csrss.exe
010101;2026-10-01 10:33:41;12512;msedgewebview2.exe
010101;2026-10-01 10:33:41;12540;RuntimeBroker.exe
010101;2026-10-01 10:33:41;12544;jetbrainsd.exe
010101;2026-10-01 10:33:41;12640;FileCoAuth.exe
010101;2026-10-01 10:33:41;12652;Code.exe
010101;2026-10-01 10:33:41;12664;svchost.exe
010101;2026-10-01 10:33:41;12676;sihost.exe
010101;2026-10-01 10:33:41;12708;E_YATIN8E.EXE
010101;2026-10-01 10:33:41;12816;svchost.exe
010101;2026-10-01 10:33:41;13056;firefox.exe
010101;2026-10-01 10:33:41;13224;powershell.exe
010101;2026-10-01 10:33:41;13332;WidgetService.exe
010101;2026-10-01 10:33:41;13704;SearchIndexer.exe
010101;2026-10-01 10:33:41;13908;FileSyncHelper.exe
010101;2026-10-01 10:33:41;13976;RuntimeBroker.exe
010101;2026-10-01 10:33:41;14120;svchost.exe
010101;2026-10-01 10:33:41;14256;dwm.exe
010101;2026-10-01 10:33:41;14300;svchost.exe
010101;2026-10-01 10:33:41;14432;StartMenuExperienceHost.exe
010101;2026-10-01 10:33:41;14668;SecurityHealthService.exe
010101;2026-10-01 10:33:41;14676;PSSvc.exe
010101;2026-10-01 10:33:41;14812;svchost.exe
010101;2026-10-01 10:33:41;14884;DefenderSessionHelper.exe
010101;2026-10-01 10:33:41;15028;firefox.exe
010101;2026-10-01 10:33:41;15276;msedge.exe
010101;2026-10-01 10:33:41;15372;M365Copilot.exe
010101;2026-10-01 10:33:41;15432;Code.exe
010101;2026-10-01 10:33:41;15484;unsecapp.exe
010101;2026-10-01 10:33:41;15576;pet.exe
010101;2026-10-01 10:33:41;15692;svchost.exe
010101;2026-10-01 10:33:41;15816;G-Menu.exe
010101;2026-10-01 10:33:41;15828;svchost.exe
010101;2026-10-01 10:33:41;16056;nvcontainer.exe
010101;2026-10-01 10:33:41;16160;winlogon.exe
010101;2026-10-01 10:33:41;16264;svchost.exe
010101;2026-10-01 10:33:41;16360;Code.exe
010101;2026-10-01 10:33:41;16396;msedgewebview2.exe
010101;2026-10-01 10:33:41;16444;audiodg.exe
010101;2026-10-01 10:33:41;16544;firefox.exe
010101;2026-10-01 10:33:41;16580;svchost.exe
010101;2026-10-01 10:33:41;16588;CrossDeviceResume.exe
010101;2026-10-01 10:33:41;16592;G-Menu.exe
010101;2026-10-01 10:33:41;16604;firefox.exe
010101;2026-10-01 10:33:41;16772;NVDisplay.Container.exe
010101;2026-10-01 10:33:41;16968;msedgewebview2.exe
010101;2026-10-01 10:33:41;17224;firefox.exe
010101;2026-10-01 10:33:41;17332;Code.exe
010101;2026-10-01 10:33:41;17652;msedgewebview2.exe
010101;2026-10-01 10:33:41;17756;msedgewebview2.exe
010101;2026-10-01 10:33:41;17884;RuntimeBroker.exe
010101;2026-10-01 10:33:41;17964;msedgewebview2.exe
010101;2026-10-01 10:33:41;18232;rstudio.exe
010101;2026-10-01 10:33:41;18244;rsession-utf8.exe
010101;2026-10-01 10:33:41;18368;Code.exe
010101;2026-10-01 10:33:41;18396;ACCStd.exe
010101;2026-10-01 10:33:41;18604;firefox.exe
010101;2026-10-01 10:33:41;18900;G-Menu.exe
010101;2026-10-01 10:33:41;18980;ctfmon.exe
010101;2026-10-01 10:33:41;19332;svchost.exe
010101;2026-10-01 10:33:41;19516;MicrosoftEdgeUpdate.exe
010101;2026-10-01 10:33:41;19872;msedge.exe
010101;2026-10-01 10:33:41;19952;Code.exe
010101;2026-10-01 10:33:41;20132;UserOOBEBroker.exe
010101;2026-10-01 10:33:41;20148;conhost.exe
010101;2026-10-01 10:33:41;20240;igfxEMN.exe
010101;2026-10-01 10:33:41;20272;firefox.exe
010101;2026-10-01 10:33:41;20320;EEventManager.exe
010101;2026-10-01 10:33:41;20336;firefox.exe
010101;2026-10-01 10:33:41;20416;ms-teams.exe
010101;2026-10-01 10:33:41;20748;firefox.exe
010101;2026-10-01 10:33:41;20804;msedgewebview2.exe
010101;2026-10-01 10:33:41;20904;svchost.exe
010101;2026-10-01 10:33:41;20932;QASvc.exe
010101;2026-10-01 10:33:41;21012;firefox.exe
010101;2026-10-01 10:33:41;21028;Notepad.exe
010101;2026-10-01 10:33:41;21072;firefox.exe
010101;2026-10-01 10:33:41;21084;SearchHost.exe
010101;2026-10-01 10:33:41;21204;powershell.exe
010101;2026-10-01 10:33:41;21460;svchost.exe
010101;2026-10-01 10:33:41;21568;msedgewebview2.exe
010101;2026-10-01 10:33:41;21596;msedgewebview2.exe
010101;2026-10-01 10:33:41;21832;RuntimeBroker.exe
010101;2026-10-01 10:33:41;21856;igfxextN.exe
010101;2026-10-01 10:33:41;21952;svchost.exe
010101;2026-10-01 10:33:41;22092;msedgewebview2.exe
010101;2026-10-01 10:33:41;22144;svchost.exe
010101;2026-10-01 10:33:41;22188;msedgewebview2.exe
010101;2026-10-01 10:33:41;22340;svchost.exe
010101;2026-10-01 10:33:41;22456;OneDrive.Sync.Service.exe
010101;2026-10-01 10:33:41;22552;crashhelper.exe
010101;2026-10-01 10:33:41;22580;svchost.exe
010101;2026-10-01 10:33:41;22768;ms-teams.exe
010101;2026-10-01 10:33:41;22924;PSAdminAgent.exe
010101;2026-10-01 10:33:41;22988;OpenConsole.exe
010101;2026-10-01 10:33:41;23056;msedge.exe
010101;2026-10-01 10:33:41;23096;firefox.exe
010101;2026-10-01 10:33:41;23108;jetbrains-toolbox.exe
010101;2026-10-01 10:33:41;23148;G-Menu.exe
010101;2026-10-01 10:33:41;23212;OpenConsole.exe
010101;2026-10-01 10:33:41;23240;QAAgent.exe
010101;2026-10-01 10:33:41;23296;RtkAudUService64.exe
010101;2026-10-01 10:33:41;23320;QAAdminAgent.exe
010101;2026-10-01 10:33:41;23424;firefox.exe
010101;2026-10-01 10:33:41;23516;Code.exe
010101;2026-10-01 10:33:41;23736;msedge.exe
010101;2026-10-01 10:33:41;23744;PowerToys.FancyZones.exe
010101;2026-10-01 10:33:41;24172;Code.exe
010101;2026-10-01 10:33:41;24188;MicrosoftStartFeedProvider.exe
010101;2026-10-01 10:33:41;24192;Code.exe
010101;2026-10-01 10:33:41;24224;svchost.exe
010101;2026-10-01 10:33:41;24240;firefox.exe
010101;2026-10-01 10:33:41;24400;nvcontainer.exe
010101;2026-10-01 10:33:41;24496;python.exe
010101;2026-10-01 10:33:41;24520;svchost.exe
010101;2026-10-01 10:33:41;24528;firefox.exe
010101;2026-10-01 10:33:41;24616;firefox.exe
010101;2026-10-01 10:33:41;24652;firefox.exe
010101;2026-10-01 10:33:41;25012;firefox.exe
010101;2026-10-01 10:33:41;25016;firefox.exe
010101;2026-10-01 10:33:41;25212;svchost.exe
010101;2026-10-01 10:33:41;25280;ePowerButton_NB.exe
010101;2026-10-01 10:33:41;25416;WmiPrvSE.exe
010101;2026-10-01 10:33:41;25428;firefox.exe
010101;2026-10-01 10:33:41;25464;Code.exe
010101;2026-10-01 10:33:41;25476;firefox.exe
010101;2026-10-01 10:33:53;0;System Idle Process
010101;2026-10-01 10:33:53;4;System
010101;2026-10-01 10:33:53;188;
010101;2026-10-01 10:33:53;232;Registry
010101;2026-10-01 10:33:53;804;smss.exe
010101;2026-10-01 10:33:53;1020;svchost.exe
010101;2026-10-01 10:33:53;1096;csrss.exe
010101;2026-10-01 10:33:53;1100;svchost.exe
010101;2026-10-01 10:33:53;1108;svchost.exe
010101;2026-10-01 10:33:53;1204;wininit.exe
010101;2026-10-01 10:33:53;1324;services.exe
010101;2026-10-01 10:33:53;1368;LsaIso.exe
010101;2026-10-01 10:33:53;1376;lsass.exe
010101;2026-10-01 10:33:53;1524;svchost.exe
010101;2026-10-01 10:33:53;1556;fontdrvhost.exe
010101;2026-10-01 10:33:53;1584;WUDFHost.exe
010101;2026-10-01 10:33:53;1708;svchost.exe
010101;2026-10-01 10:33:53;1760;svchost.exe
010101;2026-10-01 10:33:53;1784;msedge.exe
010101;2026-10-01 10:33:53;1860;svchost.exe
010101;2026-10-01 10:33:53;1864;WUDFHost.exe
010101;2026-10-01 10:33:53;1976;msedgewebview2.exe
010101;2026-10-01 10:33:53;2016;svchost.exe
010101;2026-10-01 10:33:53;2044;svchost.exe
010101;2026-10-01 10:33:53;2084;msedge.exe
010101;2026-10-01 10:33:53;2124;svchost.exe
010101;2026-10-01 10:33:53;2132;svchost.exe
010101;2026-10-01 10:33:53;2140;svchost.exe
010101;2026-10-01 10:33:53;2148;svchost.exe
010101;2026-10-01 10:33:53;2156;svchost.exe
010101;2026-10-01 10:33:53;2224;svchost.exe
010101;2026-10-01 10:33:53;2320;svchost.exe
010101;2026-10-01 10:33:53;2328;IntelCpHDCPSvc.exe
010101;2026-10-01 10:33:53;2344;svchost.exe
010101;2026-10-01 10:33:53;2376;PSAgent.exe
010101;2026-10-01 10:33:53;2392;svchost.exe
010101;2026-10-01 10:33:53;2480;svchost.exe
010101;2026-10-01 10:33:53;2644;svchost.exe
010101;2026-10-01 10:33:53;2696;svchost.exe
010101;2026-10-01 10:33:53;2736;firefox.exe
010101;2026-10-01 10:33:53;2776;svchost.exe
010101;2026-10-01 10:33:53;2976;svchost.exe
010101;2026-10-01 10:33:53;2988;svchost.exe
010101;2026-10-01 10:33:53;3020;jhi_service.exe
010101;2026-10-01 10:33:53;3096;NVDisplay.Container.exe
010101;2026-10-01 10:33:53;3104;OneDrive.exe
010101;2026-10-01 10:33:53;3128;svchost.exe
010101;2026-10-01 10:33:53;3156;svchost.exe
010101;2026-10-01 10:33:53;3184;svchost.exe
010101;2026-10-01 10:33:53;3196;ShellHost.exe
010101;2026-10-01 10:33:53;3260;svchost.exe
010101;2026-10-01 10:33:53;3284;firefox.exe
010101;2026-10-01 10:33:53;3340;svchost.exe
010101;2026-10-01 10:33:53;3348;svchost.exe
010101;2026-10-01 10:33:53;3356;svchost.exe
010101;2026-10-01 10:33:53;3372;svchost.exe
010101;2026-10-01 10:33:53;3408;explorer.exe
010101;2026-10-01 10:33:53;3516;svchost.exe
010101;2026-10-01 10:33:53;3524;MemCompression
010101;2026-10-01 10:33:53;3596;svchost.exe
010101;2026-10-01 10:33:53;3648;conhost.exe
010101;2026-10-01 10:33:53;3656;svchost.exe
010101;2026-10-01 10:33:53;3696;igfxCUIServiceN.exe
010101;2026-10-01 10:33:53;3744;svchost.exe
010101;2026-10-01 10:33:53;3752;svchost.exe
010101;2026-10-01 10:33:53;3808;WUDFHost.exe
010101;2026-10-01 10:33:53;3820;svchost.exe
010101;2026-10-01 10:33:53;3828;svchost.exe
010101;2026-10-01 10:33:53;3840;svchost.exe
010101;2026-10-01 10:33:53;3868;RuntimeBroker.exe
010101;2026-10-01 10:33:53;4108;MsMpEng.exe
010101;2026-10-01 10:33:53;4112;svchost.exe
010101;2026-10-01 10:33:53;4128;rstudio.exe
010101;2026-10-01 10:33:53;4144;igfxextN.exe
010101;2026-10-01 10:33:53;4196;svchost.exe
010101;2026-10-01 10:33:53;4224;svchost.exe
010101;2026-10-01 10:33:53;4232;svchost.exe
010101;2026-10-01 10:33:53;4244;RstMwService.exe
010101;2026-10-01 10:33:53;4264;svchost.exe
010101;2026-10-01 10:33:53;4352;LockApp.exe
010101;2026-10-01 10:33:53;4444;firefox.exe
010101;2026-10-01 10:33:53;4452;svchost.exe
010101;2026-10-01 10:33:53;4484;svchost.exe
010101;2026-10-01 10:33:53;4620;OpenConsole.exe
010101;2026-10-01 10:33:53;4644;spoolsv.exe
010101;2026-10-01 10:33:53;4740;svchost.exe
010101;2026-10-01 10:33:53;4872;backgroundTaskHost.exe
010101;2026-10-01 10:33:53;4892;svchost.exe
010101;2026-10-01 10:33:53;4900;svchost.exe
010101;2026-10-01 10:33:53;4908;svchost.exe
010101;2026-10-01 10:33:53;4916;svchost.exe
010101;2026-10-01 10:33:53;4924;svchost.exe
010101;2026-10-01 10:33:53;4932;svchost.exe
010101;2026-10-01 10:33:53;4944;svchost.exe
010101;2026-10-01 10:33:53;4956;svchost.exe
010101;2026-10-01 10:33:53;4972;OneApp.IGCC.WinService.exe
010101;2026-10-01 10:33:53;4984;escsvc64.exe
010101;2026-10-01 10:33:53;5000;msedgewebview2.exe
010101;2026-10-01 10:33:53;5004;KillerAnalyticsService.exe
010101;2026-10-01 10:33:53;5016;wslservice.exe
010101;2026-10-01 10:33:53;5024;EPCP.exe
010101;2026-10-01 10:33:53;5032;nvcontainer.exe
010101;2026-10-01 10:33:53;5048;ACCSvc.exe
010101;2026-10-01 10:33:53;5072;IntelAudioService.exe
010101;2026-10-01 10:33:53;5088;RtkAudUService64.exe
010101;2026-10-01 10:33:53;5172;MpDefenderCoreService.exe
010101;2026-10-01 10:33:53;5200;OfficeClickToRun.exe
010101;2026-10-01 10:33:53;5244;rstudio.exe
010101;2026-10-01 10:33:53;5292;LMS.exe
010101;2026-10-01 10:33:53;5356;mysqld.exe
010101;2026-10-01 10:33:53;5628;powershell.exe
010101;2026-10-01 10:33:53;5640;KillerNetworkService.exe
010101;2026-10-01 10:33:53;5704;svchost.exe
010101;2026-10-01 10:33:53;5724;esif_uf.exe
010101;2026-10-01 10:33:53;5868;xTendUtilityService.exe
010101;2026-10-01 10:33:53;5956;svchost.exe
010101;2026-10-01 10:33:53;6044;svchost.exe
010101;2026-10-01 10:33:53;6120;svchost.exe
010101;2026-10-01 10:33:53;6148;Code.exe
010101;2026-10-01 10:33:53;6360;KAPSService.exe
010101;2026-10-01 10:33:53;6480;conhost.exe
010101;2026-10-01 10:33:53;6524;mysqld.exe
010101;2026-10-01 10:33:53;6536;conhost.exe
010101;2026-10-01 10:33:53;6548;conhost.exe
010101;2026-10-01 10:33:53;7076;RuntimeBroker.exe
010101;2026-10-01 10:33:53;7156;xTendUtility.exe
010101;2026-10-01 10:33:53;7164;KAPS.exe
010101;2026-10-01 10:33:53;7184;msedgewebview2.exe
010101;2026-10-01 10:33:53;7344;G-Menu.exe
010101;2026-10-01 10:33:53;7888;powershell.exe
010101;2026-10-01 10:33:53;7892;AggregatorHost.exe
010101;2026-10-01 10:33:53;7908;msedge.exe
010101;2026-10-01 10:33:53;8012;svchost.exe
010101;2026-10-01 10:33:53;8016;RtkAudUService64.exe
010101;2026-10-01 10:33:53;8028;WmiPrvSE.exe
010101;2026-10-01 10:33:53;8076;msedge.exe
010101;2026-10-01 10:33:53;8088;WindowsPackageManagerServer.exe
010101;2026-10-01 10:33:53;8096;SystemSettings.exe
010101;2026-10-01 10:33:53;8104;NisSrv.exe
010101;2026-10-01 10:33:53;8272;TextInputHost.exe
010101;2026-10-01 10:33:53;8344;svchost.exe
010101;2026-10-01 10:33:53;8384;WidgetBoard.exe
010101;2026-10-01 10:33:53;8548;wlanext.exe
010101;2026-10-01 10:33:53;8624;SecurityHealthSystray.exe
010101;2026-10-01 10:33:53;8628;svchost.exe
010101;2026-10-01 10:33:53;8768;svchost.exe
010101;2026-10-01 10:33:53;8860;G_Menu.exe
010101;2026-10-01 10:33:53;8912;PresentationFontCache.exe
010101;2026-10-01 10:33:53;9104;Code.exe
010101;2026-10-01 10:33:53;9192;svchost.exe
010101;2026-10-01 10:33:53;9320;svchost.exe
010101;2026-10-01 10:33:53;9416;firefox.exe
010101;2026-10-01 10:33:53;9448;firefox.exe
010101;2026-10-01 10:33:53;9464;msedge.exe
010101;2026-10-01 10:33:53;9656;svchost.exe
010101;2026-10-01 10:33:53;9792;msedgewebview2.exe
010101;2026-10-01 10:33:53;9800;conhost.exe
010101;2026-10-01 10:33:53;9812;msedgewebview2.exe
010101;2026-10-01 10:33:53;9976;svchost.exe
010101;2026-10-01 10:33:53;9988;svchost.exe
010101;2026-10-01 10:33:53;10200;svchost.exe
010101;2026-10-01 10:33:53;10256;svchost.exe
010101;2026-10-01 10:33:53;10280;msedge.exe
010101;2026-10-01 10:33:53;10292;msedgewebview2.exe
010101;2026-10-01 10:33:53;10316;NgcIso.exe
010101;2026-10-01 10:33:53;10376;Code.exe
010101;2026-10-01 10:33:53;10576;msedgewebview2.exe
010101;2026-10-01 10:33:53;10700;AppActions.exe
010101;2026-10-01 10:33:53;10936;msedge.exe
010101;2026-10-01 10:33:53;10996;Code.exe
010101;2026-10-01 10:33:53;11252;Code.exe
010101;2026-10-01 10:33:53;11364;msedgewebview2.exe
010101;2026-10-01 10:33:53;11372;msedgewebview2.exe
010101;2026-10-01 10:33:53;11700;firefox.exe
010101;2026-10-01 10:33:53;11752;svchost.exe
010101;2026-10-01 10:33:53;11832;fontdrvhost.exe
010101;2026-10-01 10:33:53;11844;taskhostw.exe
010101;2026-10-01 10:33:53;11900;ApplicationFrameHost.exe
010101;2026-10-01 10:33:53;11948;rstudio.exe
010101;2026-10-01 10:33:53;11964;svchost.exe
010101;2026-10-01 10:33:53;12336;csrss.exe
010101;2026-10-01 10:33:53;12512;msedgewebview2.exe
010101;2026-10-01 10:33:53;12540;RuntimeBroker.exe
010101;2026-10-01 10:33:53;12544;jetbrainsd.exe
010101;2026-10-01 10:33:53;12640;FileCoAuth.exe
010101;2026-10-01 10:33:53;12652;Code.exe
010101;2026-10-01 10:33:53;12664;svchost.exe
010101;2026-10-01 10:33:53;12676;sihost.exe
010101;2026-10-01 10:33:53;12708;E_YATIN8E.EXE
010101;2026-10-01 10:33:53;12816;svchost.exe
010101;2026-10-01 10:33:53;13056;firefox.exe
010101;2026-10-01 10:33:53;13224;powershell.exe
010101;2026-10-01 10:33:53;13332;WidgetService.exe
010101;2026-10-01 10:33:53;13704;SearchIndexer.exe
010101;2026-10-01 10:33:53;13908;FileSyncHelper.exe
010101;2026-10-01 10:33:53;13976;RuntimeBroker.exe
010101;2026-10-01 10:33:53;14120;svchost.exe
010101;2026-10-01 10:33:53;14256;dwm.exe
010101;2026-10-01 10:33:53;14300;svchost.exe
010101;2026-10-01 10:33:53;14432;StartMenuExperienceHost.exe
010101;2026-10-01 10:33:53;14668;SecurityHealthService.exe
010101;2026-10-01 10:33:53;14676;PSSvc.exe
010101;2026-10-01 10:33:53;14812;svchost.exe
010101;2026-10-01 10:33:53;14884;DefenderSessionHelper.exe
010101;2026-10-01 10:33:53;15028;firefox.exe
010101;2026-10-01 10:33:53;15276;msedge.exe
010101;2026-10-01 10:33:53;15372;M365Copilot.exe
010101;2026-10-01 10:33:53;15432;Code.exe
010101;2026-10-01 10:33:53;15484;unsecapp.exe
010101;2026-10-01 10:33:53;15576;pet.exe
010101;2026-10-01 10:33:53;15692;svchost.exe
010101;2026-10-01 10:33:53;15816;G-Menu.exe
010101;2026-10-01 10:33:53;15828;svchost.exe
010101;2026-10-01 10:33:53;16056;nvcontainer.exe
010101;2026-10-01 10:33:53;16160;winlogon.exe
010101;2026-10-01 10:33:53;16264;svchost.exe
010101;2026-10-01 10:33:53;16360;Code.exe
010101;2026-10-01 10:33:53;16396;msedgewebview2.exe
010101;2026-10-01 10:33:53;16444;audiodg.exe
010101;2026-10-01 10:33:53;16544;firefox.exe
010101;2026-10-01 10:33:53;16580;svchost.exe
010101;2026-10-01 10:33:53;16588;CrossDeviceResume.exe
010101;2026-10-01 10:33:53;16592;G-Menu.exe
010101;2026-10-01 10:33:53;16604;firefox.exe
010101;2026-10-01 10:33:53;16772;NVDisplay.Container.exe
010101;2026-10-01 10:33:53;16968;msedgewebview2.exe
010101;2026-10-01 10:33:53;17224;firefox.exe
010101;2026-10-01 10:33:53;17332;Code.exe
010101;2026-10-01 10:33:53;17652;msedgewebview2.exe
010101;2026-10-01 10:33:53;17756;msedgewebview2.exe
010101;2026-10-01 10:33:53;17884;RuntimeBroker.exe
010101;2026-10-01 10:33:53;17964;msedgewebview2.exe
010101;2026-10-01 10:33:53;18232;rstudio.exe
010101;2026-10-01 10:33:53;18244;rsession-utf8.exe
010101;2026-10-01 10:33:53;18368;Code.exe
010101;2026-10-01 10:33:53;18396;ACCStd.exe
010101;2026-10-01 10:33:53;18604;firefox.exe
010101;2026-10-01 10:33:53;18900;G-Menu.exe
010101;2026-10-01 10:33:53;18980;ctfmon.exe
010101;2026-10-01 10:33:53;19332;svchost.exe
010101;2026-10-01 10:33:53;19516;MicrosoftEdgeUpdate.exe
010101;2026-10-01 10:33:53;19872;msedge.exe
010101;2026-10-01 10:33:53;19952;Code.exe
010101;2026-10-01 10:33:53;20132;UserOOBEBroker.exe
010101;2026-10-01 10:33:53;20148;conhost.exe
010101;2026-10-01 10:33:53;20240;igfxEMN.exe
010101;2026-10-01 10:33:53;20272;firefox.exe
010101;2026-10-01 10:33:53;20320;EEventManager.exe
010101;2026-10-01 10:33:53;20336;firefox.exe
010101;2026-10-01 10:33:53;20416;ms-teams.exe
010101;2026-10-01 10:33:53;20748;firefox.exe
010101;2026-10-01 10:33:53;20804;msedgewebview2.exe
010101;2026-10-01 10:33:53;20904;svchost.exe
010101;2026-10-01 10:33:53;20932;QASvc.exe
010101;2026-10-01 10:33:53;21012;firefox.exe
010101;2026-10-01 10:33:53;21028;Notepad.exe
010101;2026-10-01 10:33:53;21072;firefox.exe
010101;2026-10-01 10:33:53;21084;SearchHost.exe
010101;2026-10-01 10:33:53;21204;powershell.exe
010101;2026-10-01 10:33:53;21460;svchost.exe
010101;2026-10-01 10:33:53;21568;msedgewebview2.exe
010101;2026-10-01 10:33:53;21596;msedgewebview2.exe
010101;2026-10-01 10:33:53;21832;RuntimeBroker.exe
010101;2026-10-01 10:33:53;21856;igfxextN.exe
010101;2026-10-01 10:33:53;21952;svchost.exe
010101;2026-10-01 10:33:53;22092;msedgewebview2.exe
010101;2026-10-01 10:33:53;22144;svchost.exe
010101;2026-10-01 10:33:53;22188;msedgewebview2.exe
010101;2026-10-01 10:33:53;22340;svchost.exe
010101;2026-10-01 10:33:53;22456;OneDrive.Sync.Service.exe
010101;2026-10-01 10:33:53;22552;crashhelper.exe
010101;2026-10-01 10:33:53;22580;svchost.exe
010101;2026-10-01 10:33:53;22768;ms-teams.exe
010101;2026-10-01 10:33:53;22924;PSAdminAgent.exe
010101;2026-10-01 10:33:53;22988;OpenConsole.exe
010101;2026-10-01 10:33:53;23056;msedge.exe
010101;2026-10-01 10:33:53;23096;firefox.exe
010101;2026-10-01 10:33:53;23108;jetbrains-toolbox.exe
010101;2026-10-01 10:33:53;23148;G-Menu.exe
010101;2026-10-01 10:33:53;23212;OpenConsole.exe
010101;2026-10-01 10:33:53;23240;QAAgent.exe
010101;2026-10-01 10:33:53;23296;RtkAudUService64.exe
010101;2026-10-01 10:33:53;23320;QAAdminAgent.exe
010101;2026-10-01 10:33:53;23424;firefox.exe
010101;2026-10-01 10:33:53;23516;Code.exe
010101;2026-10-01 10:33:53;23736;msedge.exe
010101;2026-10-01 10:33:53;23744;PowerToys.FancyZones.exe
010101;2026-10-01 10:33:53;24172;Code.exe
010101;2026-10-01 10:33:53;24188;MicrosoftStartFeedProvider.exe
010101;2026-10-01 10:33:53;24192;Code.exe
010101;2026-10-01 10:33:53;24224;svchost.exe
010101;2026-10-01 10:33:53;24240;firefox.exe
010101;2026-10-01 10:33:53;24400;nvcontainer.exe
010101;2026-10-01 10:33:53;24496;python.exe
010101;2026-10-01 10:33:53;24520;svchost.exe
010101;2026-10-01 10:33:53;24528;firefox.exe
010101;2026-10-01 10:33:53;24616;firefox.exe
010101;2026-10-01 10:33:53;24652;firefox.exe
010101;2026-10-01 10:33:53;25012;firefox.exe
010101;2026-10-01 10:33:53;25016;firefox.exe
010101;2026-10-01 10:33:53;25212;svchost.exe
010101;2026-10-01 10:33:53;25280;ePowerButton_NB.exe
010101;2026-10-01 10:33:53;25416;WmiPrvSE.exe
010101;2026-10-01 10:33:53;25428;firefox.exe
010101;2026-10-01 10:33:53;25464;Code.exe
010101;2026-10-01 10:33:53;25476;firefox.exe
010101;2026-10-01 10:34:05;0;System Idle Process
010101;2026-10-01 10:34:05;4;System
010101;2026-10-01 10:34:05;188;
010101;2026-10-01 10:34:05;232;Registry
010101;2026-10-01 10:34:05;804;smss.exe
010101;2026-10-01 10:34:05;1020;svchost.exe
010101;2026-10-01 10:34:05;1096;csrss.exe
010101;2026-10-01 10:34:05;1100;svchost.exe
010101;2026-10-01 10:34:05;1108;svchost.exe
010101;2026-10-01 10:34:05;1204;wininit.exe
010101;2026-10-01 10:34:05;1324;services.exe
010101;2026-10-01 10:34:05;1368;LsaIso.exe
010101;2026-10-01 10:34:05;1376;lsass.exe
010101;2026-10-01 10:34:05;1524;svchost.exe
010101;2026-10-01 10:34:05;1556;fontdrvhost.exe
010101;2026-10-01 10:34:05;1584;WUDFHost.exe
010101;2026-10-01 10:34:05;1708;svchost.exe
010101;2026-10-01 10:34:05;1760;svchost.exe
010101;2026-10-01 10:34:05;1784;msedge.exe
010101;2026-10-01 10:34:05;1860;svchost.exe
010101;2026-10-01 10:34:05;1864;WUDFHost.exe
010101;2026-10-01 10:34:05;1976;msedgewebview2.exe
010101;2026-10-01 10:34:05;2016;svchost.exe
010101;2026-10-01 10:34:05;2044;svchost.exe
010101;2026-10-01 10:34:05;2084;msedge.exe
010101;2026-10-01 10:34:05;2124;svchost.exe
010101;2026-10-01 10:34:05;2132;svchost.exe
010101;2026-10-01 10:34:05;2140;svchost.exe
010101;2026-10-01 10:34:05;2148;svchost.exe
010101;2026-10-01 10:34:05;2156;svchost.exe
010101;2026-10-01 10:34:05;2224;svchost.exe
010101;2026-10-01 10:34:05;2320;svchost.exe
010101;2026-10-01 10:34:05;2328;IntelCpHDCPSvc.exe
010101;2026-10-01 10:34:05;2344;svchost.exe
010101;2026-10-01 10:34:05;2376;PSAgent.exe
010101;2026-10-01 10:34:05;2392;svchost.exe
010101;2026-10-01 10:34:05;2480;svchost.exe
010101;2026-10-01 10:34:05;2644;svchost.exe
010101;2026-10-01 10:34:05;2696;svchost.exe
010101;2026-10-01 10:34:05;2736;firefox.exe
010101;2026-10-01 10:34:05;2776;svchost.exe
010101;2026-10-01 10:34:05;2976;svchost.exe
010101;2026-10-01 10:34:05;2988;svchost.exe
010101;2026-10-01 10:34:05;3020;jhi_service.exe
010101;2026-10-01 10:34:05;3096;NVDisplay.Container.exe
010101;2026-10-01 10:34:05;3104;OneDrive.exe
010101;2026-10-01 10:34:05;3128;svchost.exe
010101;2026-10-01 10:34:05;3156;svchost.exe
010101;2026-10-01 10:34:05;3184;svchost.exe
010101;2026-10-01 10:34:05;3196;ShellHost.exe
010101;2026-10-01 10:34:05;3260;svchost.exe
010101;2026-10-01 10:34:05;3284;firefox.exe
010101;2026-10-01 10:34:05;3340;svchost.exe
010101;2026-10-01 10:34:05;3348;svchost.exe
010101;2026-10-01 10:34:05;3356;svchost.exe
010101;2026-10-01 10:34:05;3372;svchost.exe
010101;2026-10-01 10:34:05;3408;explorer.exe
010101;2026-10-01 10:34:05;3516;svchost.exe
010101;2026-10-01 10:34:05;3524;MemCompression
010101;2026-10-01 10:34:05;3596;svchost.exe
010101;2026-10-01 10:34:05;3648;conhost.exe
010101;2026-10-01 10:34:05;3656;svchost.exe
010101;2026-10-01 10:34:05;3696;igfxCUIServiceN.exe
010101;2026-10-01 10:34:05;3744;svchost.exe
010101;2026-10-01 10:34:05;3752;svchost.exe
010101;2026-10-01 10:34:05;3808;WUDFHost.exe
010101;2026-10-01 10:34:05;3820;svchost.exe
010101;2026-10-01 10:34:05;3828;svchost.exe
010101;2026-10-01 10:34:05;3840;svchost.exe
010101;2026-10-01 10:34:05;3868;RuntimeBroker.exe
010101;2026-10-01 10:34:05;4108;MsMpEng.exe
010101;2026-10-01 10:34:05;4112;svchost.exe
010101;2026-10-01 10:34:05;4128;rstudio.exe
010101;2026-10-01 10:34:05;4144;igfxextN.exe
010101;2026-10-01 10:34:05;4196;svchost.exe
010101;2026-10-01 10:34:05;4224;svchost.exe
010101;2026-10-01 10:34:05;4232;svchost.exe
010101;2026-10-01 10:34:05;4244;RstMwService.exe
010101;2026-10-01 10:34:05;4264;svchost.exe
010101;2026-10-01 10:34:05;4352;LockApp.exe
010101;2026-10-01 10:34:05;4444;firefox.exe
010101;2026-10-01 10:34:05;4452;svchost.exe
010101;2026-10-01 10:34:05;4484;svchost.exe
010101;2026-10-01 10:34:05;4620;OpenConsole.exe
010101;2026-10-01 10:34:05;4644;spoolsv.exe
010101;2026-10-01 10:34:05;4740;svchost.exe
010101;2026-10-01 10:34:05;4872;backgroundTaskHost.exe
010101;2026-10-01 10:34:05;4892;svchost.exe
010101;2026-10-01 10:34:05;4900;svchost.exe
010101;2026-10-01 10:34:05;4908;svchost.exe
010101;2026-10-01 10:34:05;4916;svchost.exe
010101;2026-10-01 10:34:05;4924;svchost.exe
010101;2026-10-01 10:34:05;4932;svchost.exe
010101;2026-10-01 10:34:05;4944;svchost.exe
010101;2026-10-01 10:34:05;4956;svchost.exe
010101;2026-10-01 10:34:05;4972;OneApp.IGCC.WinService.exe
010101;2026-10-01 10:34:05;4984;escsvc64.exe
010101;2026-10-01 10:34:05;5000;msedgewebview2.exe
010101;2026-10-01 10:34:05;5004;KillerAnalyticsService.exe
010101;2026-10-01 10:34:05;5016;wslservice.exe
010101;2026-10-01 10:34:05;5024;EPCP.exe
010101;2026-10-01 10:34:05;5032;nvcontainer.exe
010101;2026-10-01 10:34:05;5048;ACCSvc.exe
010101;2026-10-01 10:34:05;5072;IntelAudioService.exe
010101;2026-10-01 10:34:05;5088;RtkAudUService64.exe
010101;2026-10-01 10:34:05;5172;MpDefenderCoreService.exe
010101;2026-10-01 10:34:05;5200;OfficeClickToRun.exe
010101;2026-10-01 10:34:05;5244;rstudio.exe
010101;2026-10-01 10:34:05;5292;LMS.exe
010101;2026-10-01 10:34:05;5356;mysqld.exe
010101;2026-10-01 10:34:05;5628;powershell.exe
010101;2026-10-01 10:34:05;5640;KillerNetworkService.exe
010101;2026-10-01 10:34:05;5704;svchost.exe
010101;2026-10-01 10:34:05;5724;esif_uf.exe
010101;2026-10-01 10:34:05;5868;xTendUtilityService.exe
010101;2026-10-01 10:34:05;5956;svchost.exe
010101;2026-10-01 10:34:05;6044;svchost.exe
010101;2026-10-01 10:34:05;6120;svchost.exe
010101;2026-10-01 10:34:05;6148;Code.exe
010101;2026-10-01 10:34:05;6360;KAPSService.exe
010101;2026-10-01 10:34:05;6480;conhost.exe
010101;2026-10-01 10:34:05;6524;mysqld.exe
010101;2026-10-01 10:34:05;6536;conhost.exe
010101;2026-10-01 10:34:05;6548;conhost.exe
010101;2026-10-01 10:34:05;7076;RuntimeBroker.exe
010101;2026-10-01 10:34:05;7156;xTendUtility.exe
010101;2026-10-01 10:34:05;7164;KAPS.exe
010101;2026-10-01 10:34:05;7184;msedgewebview2.exe
010101;2026-10-01 10:34:05;7344;G-Menu.exe
010101;2026-10-01 10:34:05;7888;powershell.exe
010101;2026-10-01 10:34:05;7892;AggregatorHost.exe
010101;2026-10-01 10:34:05;7908;msedge.exe
010101;2026-10-01 10:34:05;8012;svchost.exe
010101;2026-10-01 10:34:05;8016;RtkAudUService64.exe
010101;2026-10-01 10:34:05;8028;WmiPrvSE.exe
010101;2026-10-01 10:34:05;8076;msedge.exe
010101;2026-10-01 10:34:05;8088;WindowsPackageManagerServer.exe
010101;2026-10-01 10:34:05;8096;SystemSettings.exe
010101;2026-10-01 10:34:05;8104;NisSrv.exe
010101;2026-10-01 10:34:05;8272;TextInputHost.exe
010101;2026-10-01 10:34:05;8344;svchost.exe
010101;2026-10-01 10:34:05;8384;WidgetBoard.exe
010101;2026-10-01 10:34:05;8548;wlanext.exe
010101;2026-10-01 10:34:05;8624;SecurityHealthSystray.exe
010101;2026-10-01 10:34:05;8628;svchost.exe
010101;2026-10-01 10:34:05;8768;svchost.exe
010101;2026-10-01 10:34:05;8860;G_Menu.exe
010101;2026-10-01 10:34:05;8912;PresentationFontCache.exe
010101;2026-10-01 10:34:05;9104;Code.exe
010101;2026-10-01 10:34:05;9192;svchost.exe
010101;2026-10-01 10:34:05;9320;svchost.exe
010101;2026-10-01 10:34:05;9416;firefox.exe
010101;2026-10-01 10:34:05;9448;firefox.exe
010101;2026-10-01 10:34:05;9464;msedge.exe
010101;2026-10-01 10:34:05;9656;svchost.exe
010101;2026-10-01 10:34:05;9792;msedgewebview2.exe
010101;2026-10-01 10:34:05;9800;conhost.exe
010101;2026-10-01 10:34:05;9812;msedgewebview2.exe
010101;2026-10-01 10:34:05;9976;svchost.exe
010101;2026-10-01 10:34:05;9988;svchost.exe
010101;2026-10-01 10:34:05;10200;svchost.exe
010101;2026-10-01 10:34:05;10256;svchost.exe
010101;2026-10-01 10:34:05;10280;msedge.exe
010101;2026-10-01 10:34:05;10292;msedgewebview2.exe
010101;2026-10-01 10:34:05;10316;NgcIso.exe
010101;2026-10-01 10:34:05;10376;Code.exe
010101;2026-10-01 10:34:05;10576;msedgewebview2.exe
010101;2026-10-01 10:34:05;10700;AppActions.exe
010101;2026-10-01 10:34:05;10936;msedge.exe
010101;2026-10-01 10:34:05;10996;Code.exe
010101;2026-10-01 10:34:05;11252;Code.exe
010101;2026-10-01 10:34:05;11364;msedgewebview2.exe
010101;2026-10-01 10:34:05;11372;msedgewebview2.exe
010101;2026-10-01 10:34:05;11700;firefox.exe
010101;2026-10-01 10:34:05;11752;svchost.exe
010101;2026-10-01 10:34:05;11832;fontdrvhost.exe
010101;2026-10-01 10:34:05;11844;taskhostw.exe
010101;2026-10-01 10:34:05;11900;ApplicationFrameHost.exe
010101;2026-10-01 10:34:05;11948;rstudio.exe
010101;2026-10-01 10:34:05;11964;svchost.exe
010101;2026-10-01 10:34:05;12336;csrss.exe
010101;2026-10-01 10:34:05;12512;msedgewebview2.exe
010101;2026-10-01 10:34:05;12540;RuntimeBroker.exe
010101;2026-10-01 10:34:05;12544;jetbrainsd.exe
010101;2026-10-01 10:34:05;12640;FileCoAuth.exe
010101;2026-10-01 10:34:05;12652;Code.exe
010101;2026-10-01 10:34:05;12664;svchost.exe
010101;2026-10-01 10:34:05;12676;sihost.exe
010101;2026-10-01 10:34:05;12708;E_YATIN8E.EXE
010101;2026-10-01 10:34:05;12816;svchost.exe
010101;2026-10-01 10:34:05;13056;firefox.exe
010101;2026-10-01 10:34:05;13224;powershell.exe
010101;2026-10-01 10:34:05;13332;WidgetService.exe
010101;2026-10-01 10:34:05;13704;SearchIndexer.exe
010101;2026-10-01 10:34:05;13908;FileSyncHelper.exe
010101;2026-10-01 10:34:05;13976;RuntimeBroker.exe
010101;2026-10-01 10:34:05;14120;svchost.exe
010101;2026-10-01 10:34:05;14256;dwm.exe
010101;2026-10-01 10:34:05;14300;svchost.exe
010101;2026-10-01 10:34:05;14432;StartMenuExperienceHost.exe
010101;2026-10-01 10:34:05;14668;SecurityHealthService.exe
010101;2026-10-01 10:34:05;14676;PSSvc.exe
010101;2026-10-01 10:34:05;14812;svchost.exe
010101;2026-10-01 10:34:05;14884;DefenderSessionHelper.exe
010101;2026-10-01 10:34:05;15028;firefox.exe
010101;2026-10-01 10:34:05;15276;msedge.exe
010101;2026-10-01 10:34:05;15372;M365Copilot.exe
010101;2026-10-01 10:34:05;15432;Code.exe
010101;2026-10-01 10:34:05;15484;unsecapp.exe
010101;2026-10-01 10:34:05;15576;pet.exe
010101;2026-10-01 10:34:05;15692;svchost.exe
010101;2026-10-01 10:34:05;15816;G-Menu.exe
010101;2026-10-01 10:34:05;15828;svchost.exe
010101;2026-10-01 10:34:05;16056;nvcontainer.exe
010101;2026-10-01 10:34:05;16160;winlogon.exe
010101;2026-10-01 10:34:05;16264;svchost.exe
010101;2026-10-01 10:34:05;16360;Code.exe
010101;2026-10-01 10:34:05;16396;msedgewebview2.exe
010101;2026-10-01 10:34:05;16444;audiodg.exe
010101;2026-10-01 10:34:05;16544;firefox.exe
010101;2026-10-01 10:34:05;16580;svchost.exe
010101;2026-10-01 10:34:05;16588;CrossDeviceResume.exe
010101;2026-10-01 10:34:05;16592;G-Menu.exe
010101;2026-10-01 10:34:05;16604;firefox.exe
010101;2026-10-01 10:34:05;16772;NVDisplay.Container.exe
010101;2026-10-01 10:34:05;16968;msedgewebview2.exe
010101;2026-10-01 10:34:05;17224;firefox.exe
010101;2026-10-01 10:34:05;17332;Code.exe
010101;2026-10-01 10:34:05;17652;msedgewebview2.exe
010101;2026-10-01 10:34:05;17756;msedgewebview2.exe
010101;2026-10-01 10:34:05;17884;RuntimeBroker.exe
010101;2026-10-01 10:34:05;17964;msedgewebview2.exe
010101;2026-10-01 10:34:05;18232;rstudio.exe
010101;2026-10-01 10:34:05;18244;rsession-utf8.exe
010101;2026-10-01 10:34:05;18368;Code.exe
010101;2026-10-01 10:34:05;18396;ACCStd.exe
010101;2026-10-01 10:34:05;18604;firefox.exe
010101;2026-10-01 10:34:05;18900;G-Menu.exe
010101;2026-10-01 10:34:05;18980;ctfmon.exe
010101;2026-10-01 10:34:05;19332;svchost.exe
010101;2026-10-01 10:34:05;19516;MicrosoftEdgeUpdate.exe
010101;2026-10-01 10:34:05;19872;msedge.exe
010101;2026-10-01 10:34:05;19952;Code.exe
010101;2026-10-01 10:34:05;20132;UserOOBEBroker.exe
010101;2026-10-01 10:34:05;20148;conhost.exe
010101;2026-10-01 10:34:05;20240;igfxEMN.exe
010101;2026-10-01 10:34:05;20272;firefox.exe
010101;2026-10-01 10:34:05;20320;EEventManager.exe
010101;2026-10-01 10:34:05;20336;firefox.exe
010101;2026-10-01 10:34:05;20416;ms-teams.exe
010101;2026-10-01 10:34:05;20748;firefox.exe
010101;2026-10-01 10:34:05;20804;msedgewebview2.exe
010101;2026-10-01 10:34:05;20904;svchost.exe
010101;2026-10-01 10:34:05;20932;QASvc.exe
010101;2026-10-01 10:34:05;21012;firefox.exe
010101;2026-10-01 10:34:05;21028;Notepad.exe
010101;2026-10-01 10:34:05;21072;firefox.exe
010101;2026-10-01 10:34:05;21084;SearchHost.exe
010101;2026-10-01 10:34:05;21204;powershell.exe
010101;2026-10-01 10:34:05;21460;svchost.exe
010101;2026-10-01 10:34:05;21568;msedgewebview2.exe
010101;2026-10-01 10:34:05;21596;msedgewebview2.exe
010101;2026-10-01 10:34:05;21832;RuntimeBroker.exe
010101;2026-10-01 10:34:05;21856;igfxextN.exe
010101;2026-10-01 10:34:05;21952;svchost.exe
010101;2026-10-01 10:34:05;22092;msedgewebview2.exe
010101;2026-10-01 10:34:05;22144;svchost.exe
010101;2026-10-01 10:34:05;22188;msedgewebview2.exe
010101;2026-10-01 10:34:05;22340;svchost.exe
010101;2026-10-01 10:34:05;22456;OneDrive.Sync.Service.exe
010101;2026-10-01 10:34:05;22552;crashhelper.exe
010101;2026-10-01 10:34:05;22580;svchost.exe
010101;2026-10-01 10:34:05;22768;ms-teams.exe
010101;2026-10-01 10:34:05;22924;PSAdminAgent.exe
010101;2026-10-01 10:34:05;22988;OpenConsole.exe
010101;2026-10-01 10:34:05;23056;msedge.exe
010101;2026-10-01 10:34:05;23096;firefox.exe
010101;2026-10-01 10:34:05;23108;jetbrains-toolbox.exe
010101;2026-10-01 10:34:05;23148;G-Menu.exe
010101;2026-10-01 10:34:05;23212;OpenConsole.exe
010101;2026-10-01 10:34:05;23240;QAAgent.exe
010101;2026-10-01 10:34:05;23296;RtkAudUService64.exe
010101;2026-10-01 10:34:05;23320;QAAdminAgent.exe
010101;2026-10-01 10:34:05;23424;firefox.exe
010101;2026-10-01 10:34:05;23516;Code.exe
010101;2026-10-01 10:34:05;23736;msedge.exe
010101;2026-10-01 10:34:05;23744;PowerToys.FancyZones.exe
010101;2026-10-01 10:34:05;24172;Code.exe
010101;2026-10-01 10:34:05;24188;MicrosoftStartFeedProvider.exe
010101;2026-10-01 10:34:05;24192;Code.exe
010101;2026-10-01 10:34:05;24224;svchost.exe
010101;2026-10-01 10:34:05;24240;firefox.exe
010101;2026-10-01 10:34:05;24400;nvcontainer.exe
010101;2026-10-01 10:34:05;24496;python.exe
010101;2026-10-01 10:34:05;24520;svchost.exe
010101;2026-10-01 10:34:05;24528;firefox.exe
010101;2026-10-01 10:34:05;24616;firefox.exe
010101;2026-10-01 10:34:05;24652;firefox.exe
010101;2026-10-01 10:34:05;25012;firefox.exe
010101;2026-10-01 10:34:05;25016;firefox.exe
010101;2026-10-01 10:34:05;25212;svchost.exe
010101;2026-10-01 10:34:05;25280;ePowerButton_NB.exe
010101;2026-10-01 10:34:05;25416;WmiPrvSE.exe
010101;2026-10-01 10:34:05;25428;firefox.exe
010101;2026-10-01 10:34:05;25464;Code.exe
010101;2026-10-01 10:34:05;25476;firefox.exe
010101;2026-10-01 10:34:17;0;System Idle Process
010101;2026-10-01 10:34:17;4;System
010101;2026-10-01 10:34:17;188;
010101;2026-10-01 10:34:17;232;Registry
010101;2026-10-01 10:34:17;804;smss.exe
010101;2026-10-01 10:34:17;1020;svchost.exe
010101;2026-10-01 10:34:17;1096;csrss.exe
010101;2026-10-01 10:34:17;1100;svchost.exe
010101;2026-10-01 10:34:17;1108;svchost.exe
010101;2026-10-01 10:34:17;1204;wininit.exe
010101;2026-10-01 10:34:17;1324;services.exe
010101;2026-10-01 10:34:17;1368;LsaIso.exe
010101;2026-10-01 10:34:17;1376;lsass.exe
010101;2026-10-01 10:34:17;1524;svchost.exe
010101;2026-10-01 10:34:17;1556;fontdrvhost.exe
010101;2026-10-01 10:34:17;1584;WUDFHost.exe
010101;2026-10-01 10:34:17;1708;svchost.exe
010101;2026-10-01 10:34:17;1760;svchost.exe
010101;2026-10-01 10:34:17;1784;msedge.exe
010101;2026-10-01 10:34:17;1860;svchost.exe
010101;2026-10-01 10:34:17;1864;WUDFHost.exe
010101;2026-10-01 10:34:17;1976;msedgewebview2.exe
010101;2026-10-01 10:34:17;2016;svchost.exe
010101;2026-10-01 10:34:17;2044;svchost.exe
010101;2026-10-01 10:34:17;2084;msedge.exe
010101;2026-10-01 10:34:17;2124;svchost.exe
010101;2026-10-01 10:34:17;2132;svchost.exe
010101;2026-10-01 10:34:17;2140;svchost.exe
010101;2026-10-01 10:34:17;2148;svchost.exe
010101;2026-10-01 10:34:17;2156;svchost.exe
010101;2026-10-01 10:34:17;2224;svchost.exe
010101;2026-10-01 10:34:17;2320;svchost.exe
010101;2026-10-01 10:34:17;2328;IntelCpHDCPSvc.exe
010101;2026-10-01 10:34:17;2344;svchost.exe
010101;2026-10-01 10:34:17;2376;PSAgent.exe
010101;2026-10-01 10:34:17;2392;svchost.exe
010101;2026-10-01 10:34:17;2480;svchost.exe
010101;2026-10-01 10:34:17;2644;svchost.exe
010101;2026-10-01 10:34:17;2696;svchost.exe
010101;2026-10-01 10:34:17;2736;firefox.exe
010101;2026-10-01 10:34:17;2776;svchost.exe
010101;2026-10-01 10:34:17;2976;svchost.exe
010101;2026-10-01 10:34:17;2988;svchost.exe
010101;2026-10-01 10:34:17;3020;jhi_service.exe
010101;2026-10-01 10:34:17;3096;NVDisplay.Container.exe
010101;2026-10-01 10:34:17;3104;OneDrive.exe
010101;2026-10-01 10:34:17;3128;svchost.exe
010101;2026-10-01 10:34:17;3156;svchost.exe
010101;2026-10-01 10:34:17;3184;svchost.exe
010101;2026-10-01 10:34:17;3196;ShellHost.exe
010101;2026-10-01 10:34:17;3260;svchost.exe
010101;2026-10-01 10:34:17;3284;firefox.exe
010101;2026-10-01 10:34:17;3340;svchost.exe
010101;2026-10-01 10:34:17;3348;svchost.exe
010101;2026-10-01 10:34:17;3356;svchost.exe
010101;2026-10-01 10:34:17;3372;svchost.exe
010101;2026-10-01 10:34:17;3408;explorer.exe
010101;2026-10-01 10:34:17;3516;svchost.exe
010101;2026-10-01 10:34:17;3524;MemCompression
010101;2026-10-01 10:34:17;3596;svchost.exe
010101;2026-10-01 10:34:17;3648;conhost.exe
010101;2026-10-01 10:34:17;3656;svchost.exe
010101;2026-10-01 10:34:17;3696;igfxCUIServiceN.exe
010101;2026-10-01 10:34:17;3744;svchost.exe
010101;2026-10-01 10:34:17;3752;svchost.exe
010101;2026-10-01 10:34:17;3808;WUDFHost.exe
010101;2026-10-01 10:34:17;3820;svchost.exe
010101;2026-10-01 10:34:17;3828;svchost.exe
010101;2026-10-01 10:34:17;3840;svchost.exe
010101;2026-10-01 10:34:17;3868;RuntimeBroker.exe
010101;2026-10-01 10:34:17;4108;MsMpEng.exe
010101;2026-10-01 10:34:17;4112;svchost.exe
010101;2026-10-01 10:34:17;4128;rstudio.exe
010101;2026-10-01 10:34:17;4144;igfxextN.exe
010101;2026-10-01 10:34:17;4196;svchost.exe
010101;2026-10-01 10:34:17;4224;svchost.exe
010101;2026-10-01 10:34:17;4232;svchost.exe
010101;2026-10-01 10:34:17;4244;RstMwService.exe
010101;2026-10-01 10:34:17;4264;svchost.exe
010101;2026-10-01 10:34:17;4352;LockApp.exe
010101;2026-10-01 10:34:17;4444;firefox.exe
010101;2026-10-01 10:34:17;4452;svchost.exe
010101;2026-10-01 10:34:17;4484;svchost.exe
010101;2026-10-01 10:34:17;4620;OpenConsole.exe
010101;2026-10-01 10:34:17;4644;spoolsv.exe
010101;2026-10-01 10:34:17;4740;svchost.exe
010101;2026-10-01 10:34:17;4872;backgroundTaskHost.exe
010101;2026-10-01 10:34:17;4892;svchost.exe
010101;2026-10-01 10:34:17;4900;svchost.exe
010101;2026-10-01 10:34:17;4908;svchost.exe
010101;2026-10-01 10:34:17;4916;svchost.exe
010101;2026-10-01 10:34:17;4924;svchost.exe
010101;2026-10-01 10:34:17;4932;svchost.exe
010101;2026-10-01 10:34:17;4944;svchost.exe
010101;2026-10-01 10:34:17;4956;svchost.exe
010101;2026-10-01 10:34:17;4972;OneApp.IGCC.WinService.exe
010101;2026-10-01 10:34:17;4984;escsvc64.exe
010101;2026-10-01 10:34:17;5000;msedgewebview2.exe
010101;2026-10-01 10:34:17;5004;KillerAnalyticsService.exe
010101;2026-10-01 10:34:17;5016;wslservice.exe
010101;2026-10-01 10:34:17;5024;EPCP.exe
010101;2026-10-01 10:34:17;5032;nvcontainer.exe
010101;2026-10-01 10:34:17;5048;ACCSvc.exe
010101;2026-10-01 10:34:17;5072;IntelAudioService.exe
010101;2026-10-01 10:34:17;5088;RtkAudUService64.exe
010101;2026-10-01 10:34:17;5172;MpDefenderCoreService.exe
010101;2026-10-01 10:34:17;5200;OfficeClickToRun.exe
010101;2026-10-01 10:34:17;5244;rstudio.exe
010101;2026-10-01 10:34:17;5292;LMS.exe
010101;2026-10-01 10:34:17;5356;mysqld.exe
010101;2026-10-01 10:34:17;5628;powershell.exe
010101;2026-10-01 10:34:17;5640;KillerNetworkService.exe
010101;2026-10-01 10:34:17;5704;svchost.exe
010101;2026-10-01 10:34:17;5724;esif_uf.exe
010101;2026-10-01 10:34:17;5868;xTendUtilityService.exe
010101;2026-10-01 10:34:17;5956;svchost.exe
010101;2026-10-01 10:34:17;6044;svchost.exe
010101;2026-10-01 10:34:17;6120;svchost.exe
010101;2026-10-01 10:34:17;6148;Code.exe
010101;2026-10-01 10:34:17;6360;KAPSService.exe
010101;2026-10-01 10:34:17;6480;conhost.exe
010101;2026-10-01 10:34:17;6524;mysqld.exe
010101;2026-10-01 10:34:17;6536;conhost.exe
010101;2026-10-01 10:34:17;6548;conhost.exe
010101;2026-10-01 10:34:17;7076;RuntimeBroker.exe
010101;2026-10-01 10:34:17;7156;xTendUtility.exe
010101;2026-10-01 10:34:17;7164;KAPS.exe
010101;2026-10-01 10:34:17;7184;msedgewebview2.exe
010101;2026-10-01 10:34:17;7344;G-Menu.exe
010101;2026-10-01 10:34:17;7888;powershell.exe
010101;2026-10-01 10:34:17;7892;AggregatorHost.exe
010101;2026-10-01 10:34:17;7908;msedge.exe
010101;2026-10-01 10:34:17;8012;svchost.exe
010101;2026-10-01 10:34:17;8016;RtkAudUService64.exe
010101;2026-10-01 10:34:17;8028;WmiPrvSE.exe
010101;2026-10-01 10:34:17;8088;WindowsPackageManagerServer.exe
010101;2026-10-01 10:34:17;8096;SystemSettings.exe
010101;2026-10-01 10:34:17;8104;NisSrv.exe
010101;2026-10-01 10:34:17;8260;firefox.exe
010101;2026-10-01 10:34:17;8272;TextInputHost.exe
010101;2026-10-01 10:34:17;8344;svchost.exe
010101;2026-10-01 10:34:17;8384;WidgetBoard.exe
010101;2026-10-01 10:34:17;8548;wlanext.exe
010101;2026-10-01 10:34:17;8624;SecurityHealthSystray.exe
010101;2026-10-01 10:34:17;8628;svchost.exe
010101;2026-10-01 10:34:17;8768;svchost.exe
010101;2026-10-01 10:34:17;8860;G_Menu.exe
010101;2026-10-01 10:34:17;8912;PresentationFontCache.exe
010101;2026-10-01 10:34:17;9104;Code.exe
010101;2026-10-01 10:34:17;9192;svchost.exe
010101;2026-10-01 10:34:17;9320;svchost.exe
010101;2026-10-01 10:34:17;9416;firefox.exe
010101;2026-10-01 10:34:17;9448;firefox.exe
010101;2026-10-01 10:34:17;9464;msedge.exe
010101;2026-10-01 10:34:17;9656;svchost.exe
010101;2026-10-01 10:34:17;9792;msedgewebview2.exe
010101;2026-10-01 10:34:17;9800;conhost.exe
010101;2026-10-01 10:34:17;9812;msedgewebview2.exe
010101;2026-10-01 10:34:17;9976;svchost.exe
010101;2026-10-01 10:34:17;9988;svchost.exe
010101;2026-10-01 10:34:17;10200;svchost.exe
010101;2026-10-01 10:34:17;10256;svchost.exe
010101;2026-10-01 10:34:17;10280;msedge.exe
010101;2026-10-01 10:34:17;10292;msedgewebview2.exe
010101;2026-10-01 10:34:17;10316;NgcIso.exe
010101;2026-10-01 10:34:17;10376;Code.exe
010101;2026-10-01 10:34:17;10576;msedgewebview2.exe
010101;2026-10-01 10:34:17;10700;AppActions.exe
010101;2026-10-01 10:34:17;10936;msedge.exe
010101;2026-10-01 10:34:17;10996;Code.exe
010101;2026-10-01 10:34:17;11252;Code.exe
010101;2026-10-01 10:34:17;11364;msedgewebview2.exe
010101;2026-10-01 10:34:17;11372;msedgewebview2.exe
010101;2026-10-01 10:34:17;11700;firefox.exe
010101;2026-10-01 10:34:17;11752;svchost.exe
010101;2026-10-01 10:34:17;11832;fontdrvhost.exe
010101;2026-10-01 10:34:17;11844;taskhostw.exe
010101;2026-10-01 10:34:17;11900;ApplicationFrameHost.exe
010101;2026-10-01 10:34:17;11948;rstudio.exe
010101;2026-10-01 10:34:17;11964;svchost.exe
010101;2026-10-01 10:34:17;12336;csrss.exe
010101;2026-10-01 10:34:17;12512;msedgewebview2.exe
010101;2026-10-01 10:34:17;12540;RuntimeBroker.exe
010101;2026-10-01 10:34:17;12544;jetbrainsd.exe
010101;2026-10-01 10:34:17;12640;FileCoAuth.exe
010101;2026-10-01 10:34:17;12652;Code.exe
010101;2026-10-01 10:34:17;12664;svchost.exe
010101;2026-10-01 10:34:17;12676;sihost.exe
010101;2026-10-01 10:34:17;12708;E_YATIN8E.EXE
010101;2026-10-01 10:34:17;12816;svchost.exe
010101;2026-10-01 10:34:17;13056;firefox.exe
010101;2026-10-01 10:34:17;13224;powershell.exe
010101;2026-10-01 10:34:17;13332;WidgetService.exe
010101;2026-10-01 10:34:17;13704;SearchIndexer.exe
010101;2026-10-01 10:34:17;13908;FileSyncHelper.exe
010101;2026-10-01 10:34:17;13976;RuntimeBroker.exe
010101;2026-10-01 10:34:17;14120;svchost.exe
010101;2026-10-01 10:34:17;14256;dwm.exe
010101;2026-10-01 10:34:17;14300;svchost.exe
010101;2026-10-01 10:34:17;14432;StartMenuExperienceHost.exe
010101;2026-10-01 10:34:17;14668;SecurityHealthService.exe
010101;2026-10-01 10:34:17;14676;PSSvc.exe
010101;2026-10-01 10:34:17;14812;svchost.exe
010101;2026-10-01 10:34:17;14884;DefenderSessionHelper.exe
010101;2026-10-01 10:34:17;15028;firefox.exe
010101;2026-10-01 10:34:17;15276;msedge.exe
010101;2026-10-01 10:34:17;15372;M365Copilot.exe
010101;2026-10-01 10:34:17;15432;Code.exe
010101;2026-10-01 10:34:17;15484;unsecapp.exe
010101;2026-10-01 10:34:17;15576;pet.exe
010101;2026-10-01 10:34:17;15692;svchost.exe
010101;2026-10-01 10:34:17;15816;G-Menu.exe
010101;2026-10-01 10:34:17;15828;svchost.exe
010101;2026-10-01 10:34:17;16056;nvcontainer.exe
010101;2026-10-01 10:34:17;16160;winlogon.exe
010101;2026-10-01 10:34:17;16264;svchost.exe
010101;2026-10-01 10:34:17;16360;Code.exe
010101;2026-10-01 10:34:17;16396;msedgewebview2.exe
010101;2026-10-01 10:34:17;16444;audiodg.exe
010101;2026-10-01 10:34:17;16544;firefox.exe
010101;2026-10-01 10:34:17;16580;svchost.exe
010101;2026-10-01 10:34:17;16588;CrossDeviceResume.exe
010101;2026-10-01 10:34:17;16592;G-Menu.exe
010101;2026-10-01 10:34:17;16604;firefox.exe
010101;2026-10-01 10:34:17;16772;NVDisplay.Container.exe
010101;2026-10-01 10:34:17;16968;msedgewebview2.exe
010101;2026-10-01 10:34:17;17224;firefox.exe
010101;2026-10-01 10:34:17;17332;Code.exe
010101;2026-10-01 10:34:17;17652;msedgewebview2.exe
010101;2026-10-01 10:34:17;17756;msedgewebview2.exe
010101;2026-10-01 10:34:17;17884;RuntimeBroker.exe
010101;2026-10-01 10:34:17;17964;msedgewebview2.exe
010101;2026-10-01 10:34:17;18232;rstudio.exe
010101;2026-10-01 10:34:17;18244;rsession-utf8.exe
010101;2026-10-01 10:34:17;18368;Code.exe
010101;2026-10-01 10:34:17;18396;ACCStd.exe
010101;2026-10-01 10:34:17;18604;firefox.exe
010101;2026-10-01 10:34:17;18900;G-Menu.exe
010101;2026-10-01 10:34:17;18980;ctfmon.exe
010101;2026-10-01 10:34:17;19332;svchost.exe
010101;2026-10-01 10:34:17;19516;MicrosoftEdgeUpdate.exe
010101;2026-10-01 10:34:17;19872;msedge.exe
010101;2026-10-01 10:34:17;19952;Code.exe
010101;2026-10-01 10:34:17;20132;UserOOBEBroker.exe
010101;2026-10-01 10:34:17;20148;conhost.exe
010101;2026-10-01 10:34:17;20240;igfxEMN.exe
010101;2026-10-01 10:34:17;20272;firefox.exe
010101;2026-10-01 10:34:17;20320;EEventManager.exe
010101;2026-10-01 10:34:17;20336;firefox.exe
010101;2026-10-01 10:34:17;20416;ms-teams.exe
010101;2026-10-01 10:34:17;20748;firefox.exe
010101;2026-10-01 10:34:17;20804;msedgewebview2.exe
010101;2026-10-01 10:34:17;20904;svchost.exe
010101;2026-10-01 10:34:17;20932;QASvc.exe
010101;2026-10-01 10:34:17;21012;firefox.exe
010101;2026-10-01 10:34:17;21028;Notepad.exe
010101;2026-10-01 10:34:17;21072;firefox.exe
010101;2026-10-01 10:34:17;21084;SearchHost.exe
010101;2026-10-01 10:34:17;21204;powershell.exe
010101;2026-10-01 10:34:17;21460;svchost.exe
010101;2026-10-01 10:34:17;21568;msedgewebview2.exe
010101;2026-10-01 10:34:17;21596;msedgewebview2.exe
010101;2026-10-01 10:34:17;21832;RuntimeBroker.exe
010101;2026-10-01 10:34:17;21856;igfxextN.exe
010101;2026-10-01 10:34:17;21952;svchost.exe
010101;2026-10-01 10:34:17;22092;msedgewebview2.exe
010101;2026-10-01 10:34:17;22144;svchost.exe
010101;2026-10-01 10:34:17;22188;msedgewebview2.exe
010101;2026-10-01 10:34:17;22340;svchost.exe
010101;2026-10-01 10:34:17;22456;OneDrive.Sync.Service.exe
010101;2026-10-01 10:34:17;22552;crashhelper.exe
010101;2026-10-01 10:34:17;22580;svchost.exe
010101;2026-10-01 10:34:17;22768;ms-teams.exe
010101;2026-10-01 10:34:17;22924;PSAdminAgent.exe
010101;2026-10-01 10:34:17;22988;OpenConsole.exe
010101;2026-10-01 10:34:17;23056;msedge.exe
010101;2026-10-01 10:34:17;23096;firefox.exe
010101;2026-10-01 10:34:17;23108;jetbrains-toolbox.exe
010101;2026-10-01 10:34:17;23148;G-Menu.exe
010101;2026-10-01 10:34:17;23212;OpenConsole.exe
010101;2026-10-01 10:34:17;23240;QAAgent.exe
010101;2026-10-01 10:34:17;23296;RtkAudUService64.exe
010101;2026-10-01 10:34:17;23320;QAAdminAgent.exe
010101;2026-10-01 10:34:17;23424;firefox.exe
010101;2026-10-01 10:34:17;23516;Code.exe
010101;2026-10-01 10:34:17;23736;msedge.exe
010101;2026-10-01 10:34:17;23744;PowerToys.FancyZones.exe
010101;2026-10-01 10:34:17;24172;Code.exe
010101;2026-10-01 10:34:17;24188;MicrosoftStartFeedProvider.exe
010101;2026-10-01 10:34:17;24192;Code.exe
010101;2026-10-01 10:34:17;24224;svchost.exe
010101;2026-10-01 10:34:17;24240;firefox.exe
010101;2026-10-01 10:34:17;24400;nvcontainer.exe
010101;2026-10-01 10:34:17;24496;python.exe
010101;2026-10-01 10:34:17;24520;svchost.exe
010101;2026-10-01 10:34:17;24528;firefox.exe
010101;2026-10-01 10:34:17;24616;firefox.exe
010101;2026-10-01 10:34:17;24652;firefox.exe
010101;2026-10-01 10:34:17;25012;firefox.exe
010101;2026-10-01 10:34:17;25016;firefox.exe
010101;2026-10-01 10:34:17;25212;svchost.exe
010101;2026-10-01 10:34:17;25280;ePowerButton_NB.exe
010101;2026-10-01 10:34:17;25416;WmiPrvSE.exe
010101;2026-10-01 10:34:17;25428;firefox.exe
010101;2026-10-01 10:34:17;25464;Code.exe
010101;2026-10-01 10:34:29;0;System Idle Process
010101;2026-10-01 10:34:29;4;System
010101;2026-10-01 10:34:29;188;
010101;2026-10-01 10:34:29;232;Registry
010101;2026-10-01 10:34:29;804;smss.exe
010101;2026-10-01 10:34:29;1020;svchost.exe
010101;2026-10-01 10:34:29;1096;csrss.exe
010101;2026-10-01 10:34:29;1100;svchost.exe
010101;2026-10-01 10:34:29;1108;svchost.exe
010101;2026-10-01 10:34:29;1204;wininit.exe
010101;2026-10-01 10:34:29;1324;services.exe
010101;2026-10-01 10:34:29;1368;LsaIso.exe
010101;2026-10-01 10:34:29;1376;lsass.exe
010101;2026-10-01 10:34:29;1524;svchost.exe
010101;2026-10-01 10:34:29;1556;fontdrvhost.exe
010101;2026-10-01 10:34:29;1584;WUDFHost.exe
010101;2026-10-01 10:34:29;1708;svchost.exe
010101;2026-10-01 10:34:29;1760;svchost.exe
010101;2026-10-01 10:34:29;1784;msedge.exe
010101;2026-10-01 10:34:29;1860;svchost.exe
010101;2026-10-01 10:34:29;1864;WUDFHost.exe
010101;2026-10-01 10:34:29;1976;msedgewebview2.exe
010101;2026-10-01 10:34:29;2016;svchost.exe
010101;2026-10-01 10:34:29;2044;svchost.exe
010101;2026-10-01 10:34:29;2084;msedge.exe
010101;2026-10-01 10:34:29;2124;svchost.exe
010101;2026-10-01 10:34:29;2132;svchost.exe
010101;2026-10-01 10:34:29;2140;svchost.exe
010101;2026-10-01 10:34:29;2148;svchost.exe
010101;2026-10-01 10:34:29;2156;svchost.exe
010101;2026-10-01 10:34:29;2224;svchost.exe
010101;2026-10-01 10:34:29;2320;svchost.exe
010101;2026-10-01 10:34:29;2328;IntelCpHDCPSvc.exe
010101;2026-10-01 10:34:29;2344;svchost.exe
010101;2026-10-01 10:34:29;2376;PSAgent.exe
010101;2026-10-01 10:34:29;2392;svchost.exe
010101;2026-10-01 10:34:29;2480;svchost.exe
010101;2026-10-01 10:34:29;2644;svchost.exe
010101;2026-10-01 10:34:29;2696;svchost.exe
010101;2026-10-01 10:34:29;2736;firefox.exe
010101;2026-10-01 10:34:29;2776;svchost.exe
010101;2026-10-01 10:34:29;2976;svchost.exe
010101;2026-10-01 10:34:29;2988;svchost.exe
010101;2026-10-01 10:34:29;3020;jhi_service.exe
010101;2026-10-01 10:34:29;3096;NVDisplay.Container.exe
010101;2026-10-01 10:34:29;3104;OneDrive.exe
010101;2026-10-01 10:34:29;3128;svchost.exe
010101;2026-10-01 10:34:29;3156;svchost.exe
010101;2026-10-01 10:34:29;3184;svchost.exe
010101;2026-10-01 10:34:29;3196;ShellHost.exe
010101;2026-10-01 10:34:29;3260;svchost.exe
010101;2026-10-01 10:34:29;3284;firefox.exe
010101;2026-10-01 10:34:29;3340;svchost.exe
010101;2026-10-01 10:34:29;3348;svchost.exe
010101;2026-10-01 10:34:29;3356;svchost.exe
010101;2026-10-01 10:34:29;3372;svchost.exe
010101;2026-10-01 10:34:29;3408;explorer.exe
010101;2026-10-01 10:34:29;3516;svchost.exe
010101;2026-10-01 10:34:29;3524;MemCompression
010101;2026-10-01 10:34:29;3596;svchost.exe
010101;2026-10-01 10:34:29;3648;conhost.exe
010101;2026-10-01 10:34:29;3656;svchost.exe
010101;2026-10-01 10:34:29;3696;igfxCUIServiceN.exe
010101;2026-10-01 10:34:29;3744;svchost.exe
010101;2026-10-01 10:34:29;3752;svchost.exe
010101;2026-10-01 10:34:29;3808;WUDFHost.exe
010101;2026-10-01 10:34:29;3820;svchost.exe
010101;2026-10-01 10:34:29;3828;svchost.exe
010101;2026-10-01 10:34:29;3840;svchost.exe
010101;2026-10-01 10:34:29;3868;RuntimeBroker.exe
010101;2026-10-01 10:34:29;4108;MsMpEng.exe
010101;2026-10-01 10:34:29;4112;svchost.exe
010101;2026-10-01 10:34:29;4128;rstudio.exe
010101;2026-10-01 10:34:29;4144;igfxextN.exe
010101;2026-10-01 10:34:29;4196;svchost.exe
010101;2026-10-01 10:34:29;4224;svchost.exe
010101;2026-10-01 10:34:29;4232;svchost.exe
010101;2026-10-01 10:34:29;4244;RstMwService.exe
010101;2026-10-01 10:34:29;4264;svchost.exe
010101;2026-10-01 10:34:29;4352;LockApp.exe
010101;2026-10-01 10:34:29;4444;firefox.exe
010101;2026-10-01 10:34:29;4452;svchost.exe
010101;2026-10-01 10:34:29;4484;svchost.exe
010101;2026-10-01 10:34:29;4620;OpenConsole.exe
010101;2026-10-01 10:34:29;4644;spoolsv.exe
010101;2026-10-01 10:34:29;4740;svchost.exe
010101;2026-10-01 10:34:29;4872;backgroundTaskHost.exe
010101;2026-10-01 10:34:29;4892;svchost.exe
010101;2026-10-01 10:34:29;4900;svchost.exe
010101;2026-10-01 10:34:29;4908;svchost.exe
010101;2026-10-01 10:34:29;4916;svchost.exe
010101;2026-10-01 10:34:29;4924;svchost.exe
010101;2026-10-01 10:34:29;4932;svchost.exe
010101;2026-10-01 10:34:29;4944;svchost.exe
010101;2026-10-01 10:34:29;4956;svchost.exe
010101;2026-10-01 10:34:29;4972;OneApp.IGCC.WinService.exe
010101;2026-10-01 10:34:29;4984;escsvc64.exe
010101;2026-10-01 10:34:29;5000;msedgewebview2.exe
010101;2026-10-01 10:34:29;5004;KillerAnalyticsService.exe
010101;2026-10-01 10:34:29;5016;wslservice.exe
010101;2026-10-01 10:34:29;5024;EPCP.exe
010101;2026-10-01 10:34:29;5032;nvcontainer.exe
010101;2026-10-01 10:34:29;5048;ACCSvc.exe
010101;2026-10-01 10:34:29;5072;IntelAudioService.exe
010101;2026-10-01 10:34:29;5088;RtkAudUService64.exe
010101;2026-10-01 10:34:29;5172;MpDefenderCoreService.exe
010101;2026-10-01 10:34:29;5200;OfficeClickToRun.exe
010101;2026-10-01 10:34:29;5244;rstudio.exe
010101;2026-10-01 10:34:29;5292;LMS.exe
010101;2026-10-01 10:34:29;5356;mysqld.exe
010101;2026-10-01 10:34:29;5628;powershell.exe
010101;2026-10-01 10:34:29;5640;KillerNetworkService.exe
010101;2026-10-01 10:34:29;5704;svchost.exe
010101;2026-10-01 10:34:29;5724;esif_uf.exe
010101;2026-10-01 10:34:29;5868;xTendUtilityService.exe
010101;2026-10-01 10:34:29;5956;svchost.exe
010101;2026-10-01 10:34:29;6044;svchost.exe
010101;2026-10-01 10:34:29;6120;svchost.exe
010101;2026-10-01 10:34:29;6148;Code.exe
010101;2026-10-01 10:34:29;6360;KAPSService.exe
010101;2026-10-01 10:34:29;6480;conhost.exe
010101;2026-10-01 10:34:29;6524;mysqld.exe
010101;2026-10-01 10:34:29;6536;conhost.exe
010101;2026-10-01 10:34:29;6548;conhost.exe
010101;2026-10-01 10:34:29;7076;RuntimeBroker.exe
010101;2026-10-01 10:34:29;7156;xTendUtility.exe
010101;2026-10-01 10:34:29;7164;KAPS.exe
010101;2026-10-01 10:34:29;7184;msedgewebview2.exe
010101;2026-10-01 10:34:29;7344;G-Menu.exe
010101;2026-10-01 10:34:29;7888;powershell.exe
010101;2026-10-01 10:34:29;7892;AggregatorHost.exe
010101;2026-10-01 10:34:29;7908;msedge.exe
010101;2026-10-01 10:34:29;8012;svchost.exe
010101;2026-10-01 10:34:29;8016;RtkAudUService64.exe
010101;2026-10-01 10:34:29;8028;WmiPrvSE.exe
010101;2026-10-01 10:34:29;8088;WindowsPackageManagerServer.exe
010101;2026-10-01 10:34:29;8096;SystemSettings.exe
010101;2026-10-01 10:34:29;8104;NisSrv.exe
010101;2026-10-01 10:34:29;8260;firefox.exe
010101;2026-10-01 10:34:29;8272;TextInputHost.exe
010101;2026-10-01 10:34:29;8344;svchost.exe
010101;2026-10-01 10:34:29;8384;WidgetBoard.exe
010101;2026-10-01 10:34:29;8548;wlanext.exe
010101;2026-10-01 10:34:29;8624;SecurityHealthSystray.exe
010101;2026-10-01 10:34:29;8628;svchost.exe
010101;2026-10-01 10:34:29;8768;svchost.exe
010101;2026-10-01 10:34:29;8860;G_Menu.exe
010101;2026-10-01 10:34:29;8912;PresentationFontCache.exe
010101;2026-10-01 10:34:29;9104;Code.exe
010101;2026-10-01 10:34:29;9192;svchost.exe
010101;2026-10-01 10:34:29;9320;svchost.exe
010101;2026-10-01 10:34:29;9416;firefox.exe
010101;2026-10-01 10:34:29;9448;firefox.exe
010101;2026-10-01 10:34:29;9464;msedge.exe
010101;2026-10-01 10:34:29;9656;svchost.exe
010101;2026-10-01 10:34:29;9792;msedgewebview2.exe
010101;2026-10-01 10:34:29;9800;conhost.exe
010101;2026-10-01 10:34:29;9812;msedgewebview2.exe
010101;2026-10-01 10:34:29;9976;svchost.exe
010101;2026-10-01 10:34:29;9988;svchost.exe
010101;2026-10-01 10:34:29;10200;svchost.exe
010101;2026-10-01 10:34:29;10256;svchost.exe
010101;2026-10-01 10:34:29;10280;msedge.exe
010101;2026-10-01 10:34:29;10292;msedgewebview2.exe
010101;2026-10-01 10:34:29;10316;NgcIso.exe
010101;2026-10-01 10:34:29;10376;Code.exe
010101;2026-10-01 10:34:29;10576;msedgewebview2.exe
010101;2026-10-01 10:34:29;10700;AppActions.exe
010101;2026-10-01 10:34:29;10936;msedge.exe
010101;2026-10-01 10:34:29;10996;Code.exe
010101;2026-10-01 10:34:29;11252;Code.exe
010101;2026-10-01 10:34:29;11364;msedgewebview2.exe
010101;2026-10-01 10:34:29;11372;msedgewebview2.exe
010101;2026-10-01 10:34:29;11700;firefox.exe
010101;2026-10-01 10:34:29;11752;svchost.exe
010101;2026-10-01 10:34:29;11832;fontdrvhost.exe
010101;2026-10-01 10:34:29;11844;taskhostw.exe
010101;2026-10-01 10:34:29;11900;ApplicationFrameHost.exe
010101;2026-10-01 10:34:29;11948;rstudio.exe
010101;2026-10-01 10:34:29;11964;svchost.exe
010101;2026-10-01 10:34:29;12336;csrss.exe
010101;2026-10-01 10:34:29;12512;msedgewebview2.exe
010101;2026-10-01 10:34:29;12540;RuntimeBroker.exe
010101;2026-10-01 10:34:29;12544;jetbrainsd.exe
010101;2026-10-01 10:34:29;12640;FileCoAuth.exe
010101;2026-10-01 10:34:29;12652;Code.exe
010101;2026-10-01 10:34:29;12664;svchost.exe
010101;2026-10-01 10:34:29;12676;sihost.exe
010101;2026-10-01 10:34:29;12708;E_YATIN8E.EXE
010101;2026-10-01 10:34:29;12816;svchost.exe
010101;2026-10-01 10:34:29;13056;firefox.exe
010101;2026-10-01 10:34:29;13224;powershell.exe
010101;2026-10-01 10:34:29;13332;WidgetService.exe
010101;2026-10-01 10:34:29;13704;SearchIndexer.exe
010101;2026-10-01 10:34:29;13908;FileSyncHelper.exe
010101;2026-10-01 10:34:29;13976;RuntimeBroker.exe
010101;2026-10-01 10:34:29;14120;svchost.exe
010101;2026-10-01 10:34:29;14256;dwm.exe
010101;2026-10-01 10:34:29;14300;svchost.exe
010101;2026-10-01 10:34:29;14432;StartMenuExperienceHost.exe
010101;2026-10-01 10:34:29;14668;SecurityHealthService.exe
010101;2026-10-01 10:34:29;14676;PSSvc.exe
010101;2026-10-01 10:34:29;14812;svchost.exe
010101;2026-10-01 10:34:29;14884;DefenderSessionHelper.exe
010101;2026-10-01 10:34:29;15028;firefox.exe
010101;2026-10-01 10:34:29;15276;msedge.exe
010101;2026-10-01 10:34:29;15372;M365Copilot.exe
010101;2026-10-01 10:34:29;15432;Code.exe
010101;2026-10-01 10:34:29;15484;unsecapp.exe
010101;2026-10-01 10:34:29;15576;pet.exe
010101;2026-10-01 10:34:29;15692;svchost.exe
010101;2026-10-01 10:34:29;15816;G-Menu.exe
010101;2026-10-01 10:34:29;15828;svchost.exe
010101;2026-10-01 10:34:29;16056;nvcontainer.exe
010101;2026-10-01 10:34:29;16160;winlogon.exe
010101;2026-10-01 10:34:29;16264;svchost.exe
010101;2026-10-01 10:34:29;16360;Code.exe
010101;2026-10-01 10:34:29;16396;msedgewebview2.exe
010101;2026-10-01 10:34:29;16444;audiodg.exe
010101;2026-10-01 10:34:29;16544;firefox.exe
010101;2026-10-01 10:34:29;16580;svchost.exe
010101;2026-10-01 10:34:29;16588;CrossDeviceResume.exe
010101;2026-10-01 10:34:29;16592;G-Menu.exe
010101;2026-10-01 10:34:29;16604;firefox.exe
010101;2026-10-01 10:34:29;16772;NVDisplay.Container.exe
010101;2026-10-01 10:34:29;16968;msedgewebview2.exe
010101;2026-10-01 10:34:29;17224;firefox.exe
010101;2026-10-01 10:34:29;17332;Code.exe
010101;2026-10-01 10:34:29;17652;msedgewebview2.exe
010101;2026-10-01 10:34:29;17756;msedgewebview2.exe
010101;2026-10-01 10:34:29;17884;RuntimeBroker.exe
010101;2026-10-01 10:34:29;17964;msedgewebview2.exe
010101;2026-10-01 10:34:29;18232;rstudio.exe
010101;2026-10-01 10:34:29;18244;rsession-utf8.exe
010101;2026-10-01 10:34:29;18368;Code.exe
010101;2026-10-01 10:34:29;18396;ACCStd.exe
010101;2026-10-01 10:34:29;18604;firefox.exe
010101;2026-10-01 10:34:29;18900;G-Menu.exe
010101;2026-10-01 10:34:29;18980;ctfmon.exe
010101;2026-10-01 10:34:29;19332;svchost.exe
010101;2026-10-01 10:34:29;19516;MicrosoftEdgeUpdate.exe
010101;2026-10-01 10:34:29;19872;msedge.exe
010101;2026-10-01 10:34:29;19952;Code.exe
010101;2026-10-01 10:34:29;20132;UserOOBEBroker.exe
010101;2026-10-01 10:34:29;20148;conhost.exe
010101;2026-10-01 10:34:29;20240;igfxEMN.exe
010101;2026-10-01 10:34:29;20272;firefox.exe
010101;2026-10-01 10:34:29;20320;EEventManager.exe
010101;2026-10-01 10:34:29;20336;firefox.exe
010101;2026-10-01 10:34:29;20416;ms-teams.exe
010101;2026-10-01 10:34:29;20748;firefox.exe
010101;2026-10-01 10:34:29;20804;msedgewebview2.exe
010101;2026-10-01 10:34:29;20904;svchost.exe
010101;2026-10-01 10:34:29;20932;QASvc.exe
010101;2026-10-01 10:34:29;21012;firefox.exe
010101;2026-10-01 10:34:29;21028;Notepad.exe
010101;2026-10-01 10:34:29;21072;firefox.exe
010101;2026-10-01 10:34:29;21084;SearchHost.exe
010101;2026-10-01 10:34:29;21204;powershell.exe
010101;2026-10-01 10:34:29;21460;svchost.exe
010101;2026-10-01 10:34:29;21568;msedgewebview2.exe
010101;2026-10-01 10:34:29;21596;msedgewebview2.exe
010101;2026-10-01 10:34:29;21832;RuntimeBroker.exe
010101;2026-10-01 10:34:29;21856;igfxextN.exe
010101;2026-10-01 10:34:29;21952;svchost.exe
010101;2026-10-01 10:34:29;22092;msedgewebview2.exe
010101;2026-10-01 10:34:29;22144;svchost.exe
010101;2026-10-01 10:34:29;22188;msedgewebview2.exe
010101;2026-10-01 10:34:29;22340;svchost.exe
010101;2026-10-01 10:34:29;22456;OneDrive.Sync.Service.exe
010101;2026-10-01 10:34:29;22552;crashhelper.exe
010101;2026-10-01 10:34:29;22580;svchost.exe
010101;2026-10-01 10:34:29;22768;ms-teams.exe
010101;2026-10-01 10:34:29;22924;PSAdminAgent.exe
010101;2026-10-01 10:34:29;22988;OpenConsole.exe
010101;2026-10-01 10:34:29;23056;msedge.exe
010101;2026-10-01 10:34:29;23096;firefox.exe
010101;2026-10-01 10:34:29;23108;jetbrains-toolbox.exe
010101;2026-10-01 10:34:29;23148;G-Menu.exe
010101;2026-10-01 10:34:29;23212;OpenConsole.exe
010101;2026-10-01 10:34:29;23240;QAAgent.exe
010101;2026-10-01 10:34:29;23296;RtkAudUService64.exe
010101;2026-10-01 10:34:29;23320;QAAdminAgent.exe
010101;2026-10-01 10:34:29;23424;firefox.exe
010101;2026-10-01 10:34:29;23516;Code.exe
010101;2026-10-01 10:34:29;23736;msedge.exe
010101;2026-10-01 10:34:29;23744;PowerToys.FancyZones.exe
010101;2026-10-01 10:34:29;24172;Code.exe
010101;2026-10-01 10:34:29;24188;MicrosoftStartFeedProvider.exe
010101;2026-10-01 10:34:29;24192;Code.exe
010101;2026-10-01 10:34:29;24224;svchost.exe
010101;2026-10-01 10:34:29;24240;firefox.exe
010101;2026-10-01 10:34:29;24400;nvcontainer.exe
010101;2026-10-01 10:34:29;24496;python.exe
010101;2026-10-01 10:34:29;24520;svchost.exe
010101;2026-10-01 10:34:29;24528;firefox.exe
010101;2026-10-01 10:34:29;24616;firefox.exe
010101;2026-10-01 10:34:29;24652;firefox.exe
010101;2026-10-01 10:34:29;25012;firefox.exe
010101;2026-10-01 10:34:29;25016;firefox.exe
010101;2026-10-01 10:34:29;25212;svchost.exe
010101;2026-10-01 10:34:29;25280;ePowerButton_NB.exe
010101;2026-10-01 10:34:29;25416;WmiPrvSE.exe
010101;2026-10-01 10:34:29;25428;firefox.exe
010101;2026-10-01 10:34:29;25464;Code.exe
010101;2026-10-01 10:34:41;0;System Idle Process
010101;2026-10-01 10:34:41;4;System
010101;2026-10-01 10:34:41;188;
010101;2026-10-01 10:34:41;232;Registry
010101;2026-10-01 10:34:41;804;smss.exe
010101;2026-10-01 10:34:41;1020;svchost.exe
010101;2026-10-01 10:34:41;1096;csrss.exe
010101;2026-10-01 10:34:41;1100;svchost.exe
010101;2026-10-01 10:34:41;1108;svchost.exe
010101;2026-10-01 10:34:41;1204;wininit.exe
010101;2026-10-01 10:34:41;1324;services.exe
010101;2026-10-01 10:34:41;1368;LsaIso.exe
010101;2026-10-01 10:34:41;1376;lsass.exe
010101;2026-10-01 10:34:41;1524;svchost.exe
010101;2026-10-01 10:34:41;1556;fontdrvhost.exe
010101;2026-10-01 10:34:41;1584;WUDFHost.exe
010101;2026-10-01 10:34:41;1708;svchost.exe
010101;2026-10-01 10:34:41;1760;svchost.exe
010101;2026-10-01 10:34:41;1784;msedge.exe
010101;2026-10-01 10:34:41;1860;svchost.exe
010101;2026-10-01 10:34:41;1864;WUDFHost.exe
010101;2026-10-01 10:34:41;1976;msedgewebview2.exe
010101;2026-10-01 10:34:41;2016;svchost.exe
010101;2026-10-01 10:34:41;2044;svchost.exe
010101;2026-10-01 10:34:41;2084;msedge.exe
010101;2026-10-01 10:34:41;2124;svchost.exe
010101;2026-10-01 10:34:41;2132;svchost.exe
010101;2026-10-01 10:34:41;2140;svchost.exe
010101;2026-10-01 10:34:41;2148;svchost.exe
010101;2026-10-01 10:34:41;2156;svchost.exe
010101;2026-10-01 10:34:41;2224;svchost.exe
010101;2026-10-01 10:34:41;2320;svchost.exe
010101;2026-10-01 10:34:41;2328;IntelCpHDCPSvc.exe
010101;2026-10-01 10:34:41;2344;svchost.exe
010101;2026-10-01 10:34:41;2376;PSAgent.exe
010101;2026-10-01 10:34:41;2392;svchost.exe
010101;2026-10-01 10:34:41;2480;svchost.exe
010101;2026-10-01 10:34:41;2644;svchost.exe
010101;2026-10-01 10:34:41;2696;svchost.exe
010101;2026-10-01 10:34:41;2736;firefox.exe
010101;2026-10-01 10:34:41;2776;svchost.exe
010101;2026-10-01 10:34:41;2976;svchost.exe
010101;2026-10-01 10:34:41;2988;svchost.exe
010101;2026-10-01 10:34:41;3020;jhi_service.exe
010101;2026-10-01 10:34:41;3096;NVDisplay.Container.exe
010101;2026-10-01 10:34:41;3104;OneDrive.exe
010101;2026-10-01 10:34:41;3128;svchost.exe
010101;2026-10-01 10:34:41;3156;svchost.exe
010101;2026-10-01 10:34:41;3184;svchost.exe
010101;2026-10-01 10:34:41;3196;ShellHost.exe
010101;2026-10-01 10:34:41;3260;svchost.exe
010101;2026-10-01 10:34:41;3284;firefox.exe
010101;2026-10-01 10:34:41;3340;svchost.exe
010101;2026-10-01 10:34:41;3348;svchost.exe
010101;2026-10-01 10:34:41;3356;svchost.exe
010101;2026-10-01 10:34:41;3372;svchost.exe
010101;2026-10-01 10:34:41;3408;explorer.exe
010101;2026-10-01 10:34:41;3516;svchost.exe
010101;2026-10-01 10:34:41;3524;MemCompression
010101;2026-10-01 10:34:41;3596;svchost.exe
010101;2026-10-01 10:34:41;3648;conhost.exe
010101;2026-10-01 10:34:41;3656;svchost.exe
010101;2026-10-01 10:34:41;3696;igfxCUIServiceN.exe
010101;2026-10-01 10:34:41;3744;svchost.exe
010101;2026-10-01 10:34:41;3752;svchost.exe
010101;2026-10-01 10:34:41;3808;WUDFHost.exe
010101;2026-10-01 10:34:41;3820;svchost.exe
010101;2026-10-01 10:34:41;3828;svchost.exe
010101;2026-10-01 10:34:41;3840;svchost.exe
010101;2026-10-01 10:34:41;3868;RuntimeBroker.exe
010101;2026-10-01 10:34:41;4108;MsMpEng.exe
010101;2026-10-01 10:34:41;4112;svchost.exe
010101;2026-10-01 10:34:41;4128;rstudio.exe
010101;2026-10-01 10:34:41;4144;igfxextN.exe
010101;2026-10-01 10:34:41;4196;svchost.exe
010101;2026-10-01 10:34:41;4224;svchost.exe
010101;2026-10-01 10:34:41;4232;svchost.exe
010101;2026-10-01 10:34:41;4244;RstMwService.exe
010101;2026-10-01 10:34:41;4264;svchost.exe
010101;2026-10-01 10:34:41;4352;LockApp.exe
010101;2026-10-01 10:34:41;4444;firefox.exe
010101;2026-10-01 10:34:41;4452;svchost.exe
010101;2026-10-01 10:34:41;4484;svchost.exe
010101;2026-10-01 10:34:41;4620;OpenConsole.exe
010101;2026-10-01 10:34:41;4644;spoolsv.exe
010101;2026-10-01 10:34:41;4740;svchost.exe
010101;2026-10-01 10:34:41;4872;backgroundTaskHost.exe
010101;2026-10-01 10:34:41;4892;svchost.exe
010101;2026-10-01 10:34:41;4900;svchost.exe
010101;2026-10-01 10:34:41;4908;svchost.exe
010101;2026-10-01 10:34:41;4916;svchost.exe
010101;2026-10-01 10:34:41;4924;svchost.exe
010101;2026-10-01 10:34:41;4932;svchost.exe
010101;2026-10-01 10:34:41;4944;svchost.exe
010101;2026-10-01 10:34:41;4956;svchost.exe
010101;2026-10-01 10:34:41;4972;OneApp.IGCC.WinService.exe
010101;2026-10-01 10:34:41;4984;escsvc64.exe
010101;2026-10-01 10:34:41;5000;msedgewebview2.exe
010101;2026-10-01 10:34:41;5004;KillerAnalyticsService.exe
010101;2026-10-01 10:34:41;5016;wslservice.exe
010101;2026-10-01 10:34:41;5024;EPCP.exe
010101;2026-10-01 10:34:41;5032;nvcontainer.exe
010101;2026-10-01 10:34:41;5048;ACCSvc.exe
010101;2026-10-01 10:34:41;5072;IntelAudioService.exe
010101;2026-10-01 10:34:41;5088;RtkAudUService64.exe
010101;2026-10-01 10:34:41;5172;MpDefenderCoreService.exe
010101;2026-10-01 10:34:41;5200;OfficeClickToRun.exe
010101;2026-10-01 10:34:41;5244;rstudio.exe
010101;2026-10-01 10:34:41;5292;LMS.exe
010101;2026-10-01 10:34:41;5356;mysqld.exe
010101;2026-10-01 10:34:41;5628;powershell.exe
010101;2026-10-01 10:34:41;5640;KillerNetworkService.exe
010101;2026-10-01 10:34:41;5704;svchost.exe
010101;2026-10-01 10:34:41;5724;esif_uf.exe
010101;2026-10-01 10:34:41;5868;xTendUtilityService.exe
010101;2026-10-01 10:34:41;5956;svchost.exe
010101;2026-10-01 10:34:41;6044;svchost.exe
010101;2026-10-01 10:34:41;6120;svchost.exe
010101;2026-10-01 10:34:41;6148;Code.exe
010101;2026-10-01 10:34:41;6360;KAPSService.exe
010101;2026-10-01 10:34:41;6480;conhost.exe
010101;2026-10-01 10:34:41;6524;mysqld.exe
010101;2026-10-01 10:34:41;6536;conhost.exe
010101;2026-10-01 10:34:41;6548;conhost.exe
010101;2026-10-01 10:34:41;7076;RuntimeBroker.exe
010101;2026-10-01 10:34:41;7156;xTendUtility.exe
010101;2026-10-01 10:34:41;7164;KAPS.exe
010101;2026-10-01 10:34:41;7184;msedgewebview2.exe
010101;2026-10-01 10:34:41;7344;G-Menu.exe
010101;2026-10-01 10:34:41;7888;powershell.exe
010101;2026-10-01 10:34:41;7892;AggregatorHost.exe
010101;2026-10-01 10:34:41;7908;msedge.exe
010101;2026-10-01 10:34:41;8012;svchost.exe
010101;2026-10-01 10:34:41;8016;RtkAudUService64.exe
010101;2026-10-01 10:34:41;8028;WmiPrvSE.exe
010101;2026-10-01 10:34:41;8088;WindowsPackageManagerServer.exe
010101;2026-10-01 10:34:41;8096;SystemSettings.exe
010101;2026-10-01 10:34:41;8104;NisSrv.exe
010101;2026-10-01 10:34:41;8260;firefox.exe
010101;2026-10-01 10:34:41;8272;TextInputHost.exe
010101;2026-10-01 10:34:41;8344;svchost.exe
010101;2026-10-01 10:34:41;8384;WidgetBoard.exe
010101;2026-10-01 10:34:41;8548;wlanext.exe
010101;2026-10-01 10:34:41;8624;SecurityHealthSystray.exe
010101;2026-10-01 10:34:41;8628;svchost.exe
010101;2026-10-01 10:34:41;8768;svchost.exe
010101;2026-10-01 10:34:41;8860;G_Menu.exe
010101;2026-10-01 10:34:41;8912;PresentationFontCache.exe
010101;2026-10-01 10:34:41;9104;Code.exe
010101;2026-10-01 10:34:41;9192;svchost.exe
010101;2026-10-01 10:34:41;9320;svchost.exe
010101;2026-10-01 10:34:41;9416;firefox.exe
010101;2026-10-01 10:34:41;9448;firefox.exe
010101;2026-10-01 10:34:41;9464;msedge.exe
010101;2026-10-01 10:34:41;9656;svchost.exe
010101;2026-10-01 10:34:41;9792;msedgewebview2.exe
010101;2026-10-01 10:34:41;9800;conhost.exe
010101;2026-10-01 10:34:41;9812;msedgewebview2.exe
010101;2026-10-01 10:34:41;9976;svchost.exe
010101;2026-10-01 10:34:41;9988;svchost.exe
010101;2026-10-01 10:34:41;10200;svchost.exe
010101;2026-10-01 10:34:41;10256;svchost.exe
010101;2026-10-01 10:34:41;10280;msedge.exe
010101;2026-10-01 10:34:41;10292;msedgewebview2.exe
010101;2026-10-01 10:34:41;10316;NgcIso.exe
010101;2026-10-01 10:34:41;10376;Code.exe
010101;2026-10-01 10:34:41;10576;msedgewebview2.exe
010101;2026-10-01 10:34:41;10700;AppActions.exe
010101;2026-10-01 10:34:41;10936;msedge.exe
010101;2026-10-01 10:34:41;10996;Code.exe
010101;2026-10-01 10:34:41;11252;Code.exe
010101;2026-10-01 10:34:41;11364;msedgewebview2.exe
010101;2026-10-01 10:34:41;11372;msedgewebview2.exe
010101;2026-10-01 10:34:41;11700;firefox.exe
010101;2026-10-01 10:34:41;11752;svchost.exe
010101;2026-10-01 10:34:41;11832;fontdrvhost.exe
010101;2026-10-01 10:34:41;11844;taskhostw.exe
010101;2026-10-01 10:34:41;11900;ApplicationFrameHost.exe
010101;2026-10-01 10:34:41;11948;rstudio.exe
010101;2026-10-01 10:34:41;11964;svchost.exe
010101;2026-10-01 10:34:41;12336;csrss.exe
010101;2026-10-01 10:34:41;12512;msedgewebview2.exe
010101;2026-10-01 10:34:41;12540;RuntimeBroker.exe
010101;2026-10-01 10:34:41;12544;jetbrainsd.exe
010101;2026-10-01 10:34:41;12640;FileCoAuth.exe
010101;2026-10-01 10:34:41;12652;Code.exe
010101;2026-10-01 10:34:41;12664;svchost.exe
010101;2026-10-01 10:34:41;12676;sihost.exe
010101;2026-10-01 10:34:41;12708;E_YATIN8E.EXE
010101;2026-10-01 10:34:41;12816;svchost.exe
010101;2026-10-01 10:34:41;13056;firefox.exe
010101;2026-10-01 10:34:41;13224;powershell.exe
010101;2026-10-01 10:34:41;13332;WidgetService.exe
010101;2026-10-01 10:34:41;13704;SearchIndexer.exe
010101;2026-10-01 10:34:41;13908;FileSyncHelper.exe
010101;2026-10-01 10:34:41;13976;RuntimeBroker.exe
010101;2026-10-01 10:34:41;14120;svchost.exe
010101;2026-10-01 10:34:41;14256;dwm.exe
010101;2026-10-01 10:34:41;14300;svchost.exe
010101;2026-10-01 10:34:41;14432;StartMenuExperienceHost.exe
010101;2026-10-01 10:34:41;14668;SecurityHealthService.exe
010101;2026-10-01 10:34:41;14676;PSSvc.exe
010101;2026-10-01 10:34:41;14812;svchost.exe
010101;2026-10-01 10:34:41;14884;DefenderSessionHelper.exe
010101;2026-10-01 10:34:41;15028;firefox.exe
010101;2026-10-01 10:34:41;15276;msedge.exe
010101;2026-10-01 10:34:41;15372;M365Copilot.exe
010101;2026-10-01 10:34:41;15432;Code.exe
010101;2026-10-01 10:34:41;15484;unsecapp.exe
010101;2026-10-01 10:34:41;15576;pet.exe
010101;2026-10-01 10:34:41;15692;svchost.exe
010101;2026-10-01 10:34:41;15816;G-Menu.exe
010101;2026-10-01 10:34:41;15828;svchost.exe
010101;2026-10-01 10:34:41;16056;nvcontainer.exe
010101;2026-10-01 10:34:41;16160;winlogon.exe
010101;2026-10-01 10:34:41;16264;svchost.exe
010101;2026-10-01 10:34:41;16360;Code.exe
010101;2026-10-01 10:34:41;16396;msedgewebview2.exe
010101;2026-10-01 10:34:41;16444;audiodg.exe
010101;2026-10-01 10:34:41;16544;firefox.exe
010101;2026-10-01 10:34:41;16580;svchost.exe
010101;2026-10-01 10:34:41;16588;CrossDeviceResume.exe
010101;2026-10-01 10:34:41;16592;G-Menu.exe
010101;2026-10-01 10:34:41;16604;firefox.exe
010101;2026-10-01 10:34:41;16772;NVDisplay.Container.exe
010101;2026-10-01 10:34:41;16968;msedgewebview2.exe
010101;2026-10-01 10:34:41;17224;firefox.exe
010101;2026-10-01 10:34:41;17332;Code.exe
010101;2026-10-01 10:34:41;17652;msedgewebview2.exe
010101;2026-10-01 10:34:41;17756;msedgewebview2.exe
010101;2026-10-01 10:34:41;17884;RuntimeBroker.exe
010101;2026-10-01 10:34:41;17964;msedgewebview2.exe
010101;2026-10-01 10:34:41;18232;rstudio.exe
010101;2026-10-01 10:34:41;18244;rsession-utf8.exe
010101;2026-10-01 10:34:41;18368;Code.exe
010101;2026-10-01 10:34:41;18396;ACCStd.exe
010101;2026-10-01 10:34:41;18604;firefox.exe
010101;2026-10-01 10:34:41;18900;G-Menu.exe
010101;2026-10-01 10:34:41;18980;ctfmon.exe
010101;2026-10-01 10:34:41;19332;svchost.exe
010101;2026-10-01 10:34:41;19516;MicrosoftEdgeUpdate.exe
010101;2026-10-01 10:34:41;19872;msedge.exe
010101;2026-10-01 10:34:41;19952;Code.exe
010101;2026-10-01 10:34:41;20132;UserOOBEBroker.exe
010101;2026-10-01 10:34:41;20148;conhost.exe
010101;2026-10-01 10:34:41;20240;igfxEMN.exe
010101;2026-10-01 10:34:41;20272;firefox.exe
010101;2026-10-01 10:34:41;20320;EEventManager.exe
010101;2026-10-01 10:34:41;20336;firefox.exe
010101;2026-10-01 10:34:41;20416;ms-teams.exe
010101;2026-10-01 10:34:41;20748;firefox.exe
010101;2026-10-01 10:34:41;20804;msedgewebview2.exe
010101;2026-10-01 10:34:41;20904;svchost.exe
010101;2026-10-01 10:34:41;20932;QASvc.exe
010101;2026-10-01 10:34:41;21012;firefox.exe
010101;2026-10-01 10:34:41;21028;Notepad.exe
010101;2026-10-01 10:34:41;21072;firefox.exe
010101;2026-10-01 10:34:41;21084;SearchHost.exe
010101;2026-10-01 10:34:41;21204;powershell.exe
010101;2026-10-01 10:34:41;21460;svchost.exe
010101;2026-10-01 10:34:41;21568;msedgewebview2.exe
010101;2026-10-01 10:34:41;21596;msedgewebview2.exe
010101;2026-10-01 10:34:41;21832;RuntimeBroker.exe
010101;2026-10-01 10:34:41;21856;igfxextN.exe
010101;2026-10-01 10:34:41;21952;svchost.exe
010101;2026-10-01 10:34:41;22092;msedgewebview2.exe
010101;2026-10-01 10:34:41;22144;svchost.exe
010101;2026-10-01 10:34:41;22188;msedgewebview2.exe
010101;2026-10-01 10:34:41;22340;svchost.exe
010101;2026-10-01 10:34:41;22456;OneDrive.Sync.Service.exe
010101;2026-10-01 10:34:41;22552;crashhelper.exe
010101;2026-10-01 10:34:41;22580;svchost.exe
010101;2026-10-01 10:34:41;22768;ms-teams.exe
010101;2026-10-01 10:34:41;22924;PSAdminAgent.exe
010101;2026-10-01 10:34:41;22988;OpenConsole.exe
010101;2026-10-01 10:34:41;23056;msedge.exe
010101;2026-10-01 10:34:41;23096;firefox.exe
010101;2026-10-01 10:34:41;23108;jetbrains-toolbox.exe
010101;2026-10-01 10:34:41;23148;G-Menu.exe
010101;2026-10-01 10:34:41;23212;OpenConsole.exe
010101;2026-10-01 10:34:41;23240;QAAgent.exe
010101;2026-10-01 10:34:41;23296;RtkAudUService64.exe
010101;2026-10-01 10:34:41;23320;QAAdminAgent.exe
010101;2026-10-01 10:34:41;23424;firefox.exe
010101;2026-10-01 10:34:41;23516;Code.exe
010101;2026-10-01 10:34:41;23736;msedge.exe
010101;2026-10-01 10:34:41;23744;PowerToys.FancyZones.exe
010101;2026-10-01 10:34:41;24172;Code.exe
010101;2026-10-01 10:34:41;24188;MicrosoftStartFeedProvider.exe
010101;2026-10-01 10:34:41;24192;Code.exe
010101;2026-10-01 10:34:41;24224;svchost.exe
010101;2026-10-01 10:34:41;24240;firefox.exe
010101;2026-10-01 10:34:41;24400;nvcontainer.exe
010101;2026-10-01 10:34:41;24496;python.exe
010101;2026-10-01 10:34:41;24520;svchost.exe
010101;2026-10-01 10:34:41;24528;firefox.exe
010101;2026-10-01 10:34:41;24616;firefox.exe
010101;2026-10-01 10:34:41;24652;firefox.exe
010101;2026-10-01 10:34:41;25012;firefox.exe
010101;2026-10-01 10:34:41;25016;firefox.exe
010101;2026-10-01 10:34:41;25212;svchost.exe
010101;2026-10-01 10:34:41;25280;ePowerButton_NB.exe
010101;2026-10-01 10:34:41;25416;WmiPrvSE.exe
010101;2026-10-01 10:34:41;25464;Code.exe
010101;2026-10-01 10:34:53;0;System Idle Process
010101;2026-10-01 10:34:53;4;System
010101;2026-10-01 10:34:53;188;
010101;2026-10-01 10:34:53;232;Registry
010101;2026-10-01 10:34:53;804;smss.exe
010101;2026-10-01 10:34:53;1020;svchost.exe
010101;2026-10-01 10:34:53;1096;csrss.exe
010101;2026-10-01 10:34:53;1100;svchost.exe
010101;2026-10-01 10:34:53;1108;svchost.exe
010101;2026-10-01 10:34:53;1204;wininit.exe
010101;2026-10-01 10:34:53;1324;services.exe
010101;2026-10-01 10:34:53;1368;LsaIso.exe
010101;2026-10-01 10:34:53;1376;lsass.exe
010101;2026-10-01 10:34:53;1524;svchost.exe
010101;2026-10-01 10:34:53;1556;fontdrvhost.exe
010101;2026-10-01 10:34:53;1584;WUDFHost.exe
010101;2026-10-01 10:34:53;1708;svchost.exe
010101;2026-10-01 10:34:53;1760;svchost.exe
010101;2026-10-01 10:34:53;1784;msedge.exe
010101;2026-10-01 10:34:53;1860;svchost.exe
010101;2026-10-01 10:34:53;1864;WUDFHost.exe
010101;2026-10-01 10:34:53;1976;msedgewebview2.exe
010101;2026-10-01 10:34:53;2016;svchost.exe
010101;2026-10-01 10:34:53;2044;svchost.exe
010101;2026-10-01 10:34:53;2084;msedge.exe
010101;2026-10-01 10:34:53;2124;svchost.exe
010101;2026-10-01 10:34:53;2132;svchost.exe
010101;2026-10-01 10:34:53;2140;svchost.exe
010101;2026-10-01 10:34:53;2148;svchost.exe
010101;2026-10-01 10:34:53;2156;svchost.exe
010101;2026-10-01 10:34:53;2224;svchost.exe
010101;2026-10-01 10:34:53;2320;svchost.exe
010101;2026-10-01 10:34:53;2328;IntelCpHDCPSvc.exe
010101;2026-10-01 10:34:53;2344;svchost.exe
010101;2026-10-01 10:34:53;2376;PSAgent.exe
010101;2026-10-01 10:34:53;2392;svchost.exe
010101;2026-10-01 10:34:53;2480;svchost.exe
010101;2026-10-01 10:34:53;2644;svchost.exe
010101;2026-10-01 10:34:53;2696;svchost.exe
010101;2026-10-01 10:34:53;2736;firefox.exe
010101;2026-10-01 10:34:53;2776;svchost.exe
010101;2026-10-01 10:34:53;2976;svchost.exe
010101;2026-10-01 10:34:53;2988;svchost.exe
010101;2026-10-01 10:34:53;3020;jhi_service.exe
010101;2026-10-01 10:34:53;3096;NVDisplay.Container.exe
010101;2026-10-01 10:34:53;3104;OneDrive.exe
010101;2026-10-01 10:34:53;3128;svchost.exe
010101;2026-10-01 10:34:53;3156;svchost.exe
010101;2026-10-01 10:34:53;3184;svchost.exe
010101;2026-10-01 10:34:53;3196;ShellHost.exe
010101;2026-10-01 10:34:53;3260;svchost.exe
010101;2026-10-01 10:34:53;3284;firefox.exe
010101;2026-10-01 10:34:53;3340;svchost.exe
010101;2026-10-01 10:34:53;3348;svchost.exe
010101;2026-10-01 10:34:53;3356;svchost.exe
010101;2026-10-01 10:34:53;3372;svchost.exe
010101;2026-10-01 10:34:53;3408;explorer.exe
010101;2026-10-01 10:34:53;3516;svchost.exe
010101;2026-10-01 10:34:53;3524;MemCompression
010101;2026-10-01 10:34:53;3596;svchost.exe
010101;2026-10-01 10:34:53;3648;conhost.exe
010101;2026-10-01 10:34:53;3656;svchost.exe
010101;2026-10-01 10:34:53;3696;igfxCUIServiceN.exe
010101;2026-10-01 10:34:53;3744;svchost.exe
010101;2026-10-01 10:34:53;3752;svchost.exe
010101;2026-10-01 10:34:53;3808;WUDFHost.exe
010101;2026-10-01 10:34:53;3820;svchost.exe
010101;2026-10-01 10:34:53;3828;svchost.exe
010101;2026-10-01 10:34:53;3840;svchost.exe
010101;2026-10-01 10:34:53;3868;RuntimeBroker.exe
010101;2026-10-01 10:34:53;4108;MsMpEng.exe
010101;2026-10-01 10:34:53;4112;svchost.exe
010101;2026-10-01 10:34:53;4128;rstudio.exe
010101;2026-10-01 10:34:53;4144;igfxextN.exe
010101;2026-10-01 10:34:53;4196;svchost.exe
010101;2026-10-01 10:34:53;4224;svchost.exe
010101;2026-10-01 10:34:53;4232;svchost.exe
010101;2026-10-01 10:34:53;4244;RstMwService.exe
010101;2026-10-01 10:34:53;4264;svchost.exe
010101;2026-10-01 10:34:53;4352;LockApp.exe
010101;2026-10-01 10:34:53;4444;firefox.exe
010101;2026-10-01 10:34:53;4452;svchost.exe
010101;2026-10-01 10:34:53;4484;svchost.exe
010101;2026-10-01 10:34:53;4620;OpenConsole.exe
010101;2026-10-01 10:34:53;4644;spoolsv.exe
010101;2026-10-01 10:34:53;4740;svchost.exe
010101;2026-10-01 10:34:53;4872;backgroundTaskHost.exe
010101;2026-10-01 10:34:53;4892;svchost.exe
010101;2026-10-01 10:34:53;4900;svchost.exe
010101;2026-10-01 10:34:53;4908;svchost.exe
010101;2026-10-01 10:34:53;4916;svchost.exe
010101;2026-10-01 10:34:53;4924;svchost.exe
010101;2026-10-01 10:34:53;4932;svchost.exe
010101;2026-10-01 10:34:53;4944;svchost.exe
010101;2026-10-01 10:34:53;4956;svchost.exe
010101;2026-10-01 10:34:53;4972;OneApp.IGCC.WinService.exe
010101;2026-10-01 10:34:53;4984;escsvc64.exe
010101;2026-10-01 10:34:53;5000;msedgewebview2.exe
010101;2026-10-01 10:34:53;5004;KillerAnalyticsService.exe
010101;2026-10-01 10:34:53;5016;wslservice.exe
010101;2026-10-01 10:34:53;5024;EPCP.exe
010101;2026-10-01 10:34:53;5032;nvcontainer.exe
010101;2026-10-01 10:34:53;5048;ACCSvc.exe
010101;2026-10-01 10:34:53;5072;IntelAudioService.exe
010101;2026-10-01 10:34:53;5088;RtkAudUService64.exe
010101;2026-10-01 10:34:53;5172;MpDefenderCoreService.exe
010101;2026-10-01 10:34:53;5200;OfficeClickToRun.exe
010101;2026-10-01 10:34:53;5244;rstudio.exe
010101;2026-10-01 10:34:53;5292;LMS.exe
010101;2026-10-01 10:34:53;5356;mysqld.exe
010101;2026-10-01 10:34:53;5628;powershell.exe
010101;2026-10-01 10:34:53;5640;KillerNetworkService.exe
010101;2026-10-01 10:34:53;5704;svchost.exe
010101;2026-10-01 10:34:53;5724;esif_uf.exe
010101;2026-10-01 10:34:53;5868;xTendUtilityService.exe
010101;2026-10-01 10:34:53;5956;svchost.exe
010101;2026-10-01 10:34:53;6044;svchost.exe
010101;2026-10-01 10:34:53;6120;svchost.exe
010101;2026-10-01 10:34:53;6148;Code.exe
010101;2026-10-01 10:34:53;6360;KAPSService.exe
010101;2026-10-01 10:34:53;6480;conhost.exe
010101;2026-10-01 10:34:53;6524;mysqld.exe
010101;2026-10-01 10:34:53;6536;conhost.exe
010101;2026-10-01 10:34:53;6548;conhost.exe
010101;2026-10-01 10:34:53;7076;RuntimeBroker.exe
010101;2026-10-01 10:34:53;7156;xTendUtility.exe
010101;2026-10-01 10:34:53;7164;KAPS.exe
010101;2026-10-01 10:34:53;7184;msedgewebview2.exe
010101;2026-10-01 10:34:53;7344;G-Menu.exe
010101;2026-10-01 10:34:53;7888;powershell.exe
010101;2026-10-01 10:34:53;7892;AggregatorHost.exe
010101;2026-10-01 10:34:53;7908;msedge.exe
010101;2026-10-01 10:34:53;8012;svchost.exe
010101;2026-10-01 10:34:53;8016;RtkAudUService64.exe
010101;2026-10-01 10:34:53;8028;WmiPrvSE.exe
010101;2026-10-01 10:34:53;8088;WindowsPackageManagerServer.exe
010101;2026-10-01 10:34:53;8096;SystemSettings.exe
010101;2026-10-01 10:34:53;8104;NisSrv.exe
010101;2026-10-01 10:34:53;8260;firefox.exe
010101;2026-10-01 10:34:53;8272;TextInputHost.exe
010101;2026-10-01 10:34:53;8344;svchost.exe
010101;2026-10-01 10:34:53;8384;WidgetBoard.exe
010101;2026-10-01 10:34:53;8548;wlanext.exe
010101;2026-10-01 10:34:53;8624;SecurityHealthSystray.exe
010101;2026-10-01 10:34:53;8628;svchost.exe
010101;2026-10-01 10:34:53;8768;svchost.exe
010101;2026-10-01 10:34:53;8860;G_Menu.exe
010101;2026-10-01 10:34:53;8912;PresentationFontCache.exe
010101;2026-10-01 10:34:53;9104;Code.exe
010101;2026-10-01 10:34:53;9192;svchost.exe
010101;2026-10-01 10:34:53;9320;svchost.exe
010101;2026-10-01 10:34:53;9416;firefox.exe
010101;2026-10-01 10:34:53;9448;firefox.exe
010101;2026-10-01 10:34:53;9464;msedge.exe
010101;2026-10-01 10:34:53;9656;svchost.exe
010101;2026-10-01 10:34:53;9792;msedgewebview2.exe
010101;2026-10-01 10:34:53;9800;conhost.exe
010101;2026-10-01 10:34:53;9812;msedgewebview2.exe
010101;2026-10-01 10:34:53;9976;svchost.exe
010101;2026-10-01 10:34:53;9988;svchost.exe
010101;2026-10-01 10:34:53;10200;svchost.exe
010101;2026-10-01 10:34:53;10256;svchost.exe
010101;2026-10-01 10:34:53;10280;msedge.exe
010101;2026-10-01 10:34:53;10292;msedgewebview2.exe
010101;2026-10-01 10:34:53;10316;NgcIso.exe
010101;2026-10-01 10:34:53;10376;Code.exe
010101;2026-10-01 10:34:53;10576;msedgewebview2.exe
010101;2026-10-01 10:34:53;10700;AppActions.exe
010101;2026-10-01 10:34:53;10936;msedge.exe
010101;2026-10-01 10:34:53;10996;Code.exe
010101;2026-10-01 10:34:53;11252;Code.exe
010101;2026-10-01 10:34:53;11364;msedgewebview2.exe
010101;2026-10-01 10:34:53;11372;msedgewebview2.exe
010101;2026-10-01 10:34:53;11700;firefox.exe
010101;2026-10-01 10:34:53;11752;svchost.exe
010101;2026-10-01 10:34:53;11832;fontdrvhost.exe
010101;2026-10-01 10:34:53;11844;taskhostw.exe
010101;2026-10-01 10:34:53;11900;ApplicationFrameHost.exe
010101;2026-10-01 10:34:53;11948;rstudio.exe
010101;2026-10-01 10:34:53;11964;svchost.exe
010101;2026-10-01 10:34:53;12336;csrss.exe
010101;2026-10-01 10:34:53;12512;msedgewebview2.exe
010101;2026-10-01 10:34:53;12540;RuntimeBroker.exe
010101;2026-10-01 10:34:53;12544;jetbrainsd.exe
010101;2026-10-01 10:34:53;12640;FileCoAuth.exe
010101;2026-10-01 10:34:53;12652;Code.exe
010101;2026-10-01 10:34:53;12664;svchost.exe
010101;2026-10-01 10:34:53;12676;sihost.exe
010101;2026-10-01 10:34:53;12708;E_YATIN8E.EXE
010101;2026-10-01 10:34:53;12816;svchost.exe
010101;2026-10-01 10:34:53;13056;firefox.exe
010101;2026-10-01 10:34:53;13224;powershell.exe
010101;2026-10-01 10:34:53;13332;WidgetService.exe
010101;2026-10-01 10:34:53;13704;SearchIndexer.exe
010101;2026-10-01 10:34:53;13908;FileSyncHelper.exe
010101;2026-10-01 10:34:53;13976;RuntimeBroker.exe
010101;2026-10-01 10:34:53;14120;svchost.exe
010101;2026-10-01 10:34:53;14256;dwm.exe
010101;2026-10-01 10:34:53;14300;svchost.exe
010101;2026-10-01 10:34:53;14432;StartMenuExperienceHost.exe
010101;2026-10-01 10:34:53;14668;SecurityHealthService.exe
010101;2026-10-01 10:34:53;14676;PSSvc.exe
010101;2026-10-01 10:34:53;14812;svchost.exe
010101;2026-10-01 10:34:53;14884;DefenderSessionHelper.exe
010101;2026-10-01 10:34:53;15028;firefox.exe
010101;2026-10-01 10:34:53;15276;msedge.exe
010101;2026-10-01 10:34:53;15372;M365Copilot.exe
010101;2026-10-01 10:34:53;15432;Code.exe
010101;2026-10-01 10:34:53;15484;unsecapp.exe
010101;2026-10-01 10:34:53;15576;pet.exe
010101;2026-10-01 10:34:53;15692;svchost.exe
010101;2026-10-01 10:34:53;15816;G-Menu.exe
010101;2026-10-01 10:34:53;15828;svchost.exe
010101;2026-10-01 10:34:53;16056;nvcontainer.exe
010101;2026-10-01 10:34:53;16160;winlogon.exe
010101;2026-10-01 10:34:53;16264;svchost.exe
010101;2026-10-01 10:34:53;16360;Code.exe
010101;2026-10-01 10:34:53;16396;msedgewebview2.exe
010101;2026-10-01 10:34:53;16444;audiodg.exe
010101;2026-10-01 10:34:53;16456;msedge.exe
010101;2026-10-01 10:34:53;16544;firefox.exe
010101;2026-10-01 10:34:53;16580;svchost.exe
010101;2026-10-01 10:34:53;16588;CrossDeviceResume.exe
010101;2026-10-01 10:34:53;16592;G-Menu.exe
010101;2026-10-01 10:34:53;16604;firefox.exe
010101;2026-10-01 10:34:53;16772;NVDisplay.Container.exe
010101;2026-10-01 10:34:53;16968;msedgewebview2.exe
010101;2026-10-01 10:34:53;17224;firefox.exe
010101;2026-10-01 10:34:53;17332;Code.exe
010101;2026-10-01 10:34:53;17652;msedgewebview2.exe
010101;2026-10-01 10:34:53;17756;msedgewebview2.exe
010101;2026-10-01 10:34:53;17884;RuntimeBroker.exe
010101;2026-10-01 10:34:53;17964;msedgewebview2.exe
010101;2026-10-01 10:34:53;18232;rstudio.exe
010101;2026-10-01 10:34:53;18244;rsession-utf8.exe
010101;2026-10-01 10:34:53;18368;Code.exe
010101;2026-10-01 10:34:53;18396;ACCStd.exe
010101;2026-10-01 10:34:53;18604;firefox.exe
010101;2026-10-01 10:34:53;18900;G-Menu.exe
010101;2026-10-01 10:34:53;18980;ctfmon.exe
010101;2026-10-01 10:34:53;19332;svchost.exe
010101;2026-10-01 10:34:53;19516;MicrosoftEdgeUpdate.exe
010101;2026-10-01 10:34:53;19872;msedge.exe
010101;2026-10-01 10:34:53;19952;Code.exe
010101;2026-10-01 10:34:53;20132;UserOOBEBroker.exe
010101;2026-10-01 10:34:53;20148;conhost.exe
010101;2026-10-01 10:34:53;20240;igfxEMN.exe
010101;2026-10-01 10:34:53;20272;firefox.exe
010101;2026-10-01 10:34:53;20320;EEventManager.exe
010101;2026-10-01 10:34:53;20336;firefox.exe
010101;2026-10-01 10:34:53;20416;ms-teams.exe
010101;2026-10-01 10:34:53;20748;firefox.exe
010101;2026-10-01 10:34:53;20804;msedgewebview2.exe
010101;2026-10-01 10:34:53;20904;svchost.exe
010101;2026-10-01 10:34:53;20932;QASvc.exe
010101;2026-10-01 10:34:53;21012;firefox.exe
010101;2026-10-01 10:34:53;21028;Notepad.exe
010101;2026-10-01 10:34:53;21072;firefox.exe
010101;2026-10-01 10:34:53;21084;SearchHost.exe
010101;2026-10-01 10:34:53;21204;powershell.exe
010101;2026-10-01 10:34:53;21460;svchost.exe
010101;2026-10-01 10:34:53;21568;msedgewebview2.exe
010101;2026-10-01 10:34:53;21596;msedgewebview2.exe
010101;2026-10-01 10:34:53;21832;RuntimeBroker.exe
010101;2026-10-01 10:34:53;21856;igfxextN.exe
010101;2026-10-01 10:34:53;21952;svchost.exe
010101;2026-10-01 10:34:53;22092;msedgewebview2.exe
010101;2026-10-01 10:34:53;22144;svchost.exe
010101;2026-10-01 10:34:53;22188;msedgewebview2.exe
010101;2026-10-01 10:34:53;22340;svchost.exe
010101;2026-10-01 10:34:53;22456;OneDrive.Sync.Service.exe
010101;2026-10-01 10:34:53;22552;crashhelper.exe
010101;2026-10-01 10:34:53;22580;svchost.exe
010101;2026-10-01 10:34:53;22768;ms-teams.exe
010101;2026-10-01 10:34:53;22924;PSAdminAgent.exe
010101;2026-10-01 10:34:53;22988;OpenConsole.exe
010101;2026-10-01 10:34:53;23056;msedge.exe
010101;2026-10-01 10:34:53;23096;firefox.exe
010101;2026-10-01 10:34:53;23108;jetbrains-toolbox.exe
010101;2026-10-01 10:34:53;23148;G-Menu.exe
010101;2026-10-01 10:34:53;23212;OpenConsole.exe
010101;2026-10-01 10:34:53;23240;QAAgent.exe
010101;2026-10-01 10:34:53;23296;RtkAudUService64.exe
010101;2026-10-01 10:34:53;23320;QAAdminAgent.exe
010101;2026-10-01 10:34:53;23424;firefox.exe
010101;2026-10-01 10:34:53;23516;Code.exe
010101;2026-10-01 10:34:53;23736;msedge.exe
010101;2026-10-01 10:34:53;23744;PowerToys.FancyZones.exe
010101;2026-10-01 10:34:53;24172;Code.exe
010101;2026-10-01 10:34:53;24188;MicrosoftStartFeedProvider.exe
010101;2026-10-01 10:34:53;24192;Code.exe
010101;2026-10-01 10:34:53;24224;svchost.exe
010101;2026-10-01 10:34:53;24240;firefox.exe
010101;2026-10-01 10:34:53;24400;nvcontainer.exe
010101;2026-10-01 10:34:53;24496;python.exe
010101;2026-10-01 10:34:53;24520;svchost.exe
010101;2026-10-01 10:34:53;24528;firefox.exe
010101;2026-10-01 10:34:53;24616;firefox.exe
010101;2026-10-01 10:34:53;24652;firefox.exe
010101;2026-10-01 10:34:53;25012;firefox.exe
010101;2026-10-01 10:34:53;25016;firefox.exe
010101;2026-10-01 10:34:53;25212;svchost.exe
010101;2026-10-01 10:34:53;25280;ePowerButton_NB.exe
010101;2026-10-01 10:34:53;25416;WmiPrvSE.exe
010101;2026-10-01 10:34:53;25464;Code.exe
010101;2026-10-01 10:35:05;0;System Idle Process
010101;2026-10-01 10:35:05;4;System
010101;2026-10-01 10:35:05;188;
010101;2026-10-01 10:35:05;232;Registry
010101;2026-10-01 10:35:05;804;smss.exe
010101;2026-10-01 10:35:05;1020;svchost.exe
010101;2026-10-01 10:35:05;1096;csrss.exe
010101;2026-10-01 10:35:05;1100;svchost.exe
010101;2026-10-01 10:35:05;1108;svchost.exe
010101;2026-10-01 10:35:05;1204;wininit.exe
010101;2026-10-01 10:35:05;1324;services.exe
010101;2026-10-01 10:35:05;1368;LsaIso.exe
010101;2026-10-01 10:35:05;1376;lsass.exe
010101;2026-10-01 10:35:05;1524;svchost.exe
010101;2026-10-01 10:35:05;1556;fontdrvhost.exe
010101;2026-10-01 10:35:05;1584;WUDFHost.exe
010101;2026-10-01 10:35:05;1708;svchost.exe
010101;2026-10-01 10:35:05;1760;svchost.exe
010101;2026-10-01 10:35:05;1784;msedge.exe
010101;2026-10-01 10:35:05;1860;svchost.exe
010101;2026-10-01 10:35:05;1864;WUDFHost.exe
010101;2026-10-01 10:35:05;1976;msedgewebview2.exe
010101;2026-10-01 10:35:05;2016;svchost.exe
010101;2026-10-01 10:35:05;2044;svchost.exe
010101;2026-10-01 10:35:05;2084;msedge.exe
010101;2026-10-01 10:35:05;2124;svchost.exe
010101;2026-10-01 10:35:05;2132;svchost.exe
010101;2026-10-01 10:35:05;2140;svchost.exe
010101;2026-10-01 10:35:05;2148;svchost.exe
010101;2026-10-01 10:35:05;2156;svchost.exe
010101;2026-10-01 10:35:05;2224;svchost.exe
010101;2026-10-01 10:35:05;2320;svchost.exe
010101;2026-10-01 10:35:05;2328;IntelCpHDCPSvc.exe
010101;2026-10-01 10:35:05;2344;svchost.exe
010101;2026-10-01 10:35:05;2376;PSAgent.exe
010101;2026-10-01 10:35:05;2392;svchost.exe
010101;2026-10-01 10:35:05;2480;svchost.exe
010101;2026-10-01 10:35:05;2644;svchost.exe
010101;2026-10-01 10:35:05;2696;svchost.exe
010101;2026-10-01 10:35:05;2736;firefox.exe
010101;2026-10-01 10:35:05;2776;svchost.exe
010101;2026-10-01 10:35:05;2976;svchost.exe
010101;2026-10-01 10:35:05;2988;svchost.exe
010101;2026-10-01 10:35:05;3020;jhi_service.exe
010101;2026-10-01 10:35:05;3096;NVDisplay.Container.exe
010101;2026-10-01 10:35:05;3104;OneDrive.exe
010101;2026-10-01 10:35:05;3128;svchost.exe
010101;2026-10-01 10:35:05;3156;svchost.exe
010101;2026-10-01 10:35:05;3184;svchost.exe
010101;2026-10-01 10:35:05;3196;ShellHost.exe
010101;2026-10-01 10:35:05;3260;svchost.exe
010101;2026-10-01 10:35:05;3284;firefox.exe
010101;2026-10-01 10:35:05;3340;svchost.exe
010101;2026-10-01 10:35:05;3348;svchost.exe
010101;2026-10-01 10:35:05;3356;svchost.exe
010101;2026-10-01 10:35:05;3372;svchost.exe
010101;2026-10-01 10:35:05;3408;explorer.exe
010101;2026-10-01 10:35:05;3516;svchost.exe
010101;2026-10-01 10:35:05;3524;MemCompression
010101;2026-10-01 10:35:05;3596;svchost.exe
010101;2026-10-01 10:35:05;3648;conhost.exe
010101;2026-10-01 10:35:05;3656;svchost.exe
010101;2026-10-01 10:35:05;3696;igfxCUIServiceN.exe
010101;2026-10-01 10:35:05;3744;svchost.exe
010101;2026-10-01 10:35:05;3752;svchost.exe
010101;2026-10-01 10:35:05;3808;WUDFHost.exe
010101;2026-10-01 10:35:05;3820;svchost.exe
010101;2026-10-01 10:35:05;3828;svchost.exe
010101;2026-10-01 10:35:05;3840;svchost.exe
010101;2026-10-01 10:35:05;3868;RuntimeBroker.exe
010101;2026-10-01 10:35:05;4108;MsMpEng.exe
010101;2026-10-01 10:35:05;4112;svchost.exe
010101;2026-10-01 10:35:05;4128;rstudio.exe
010101;2026-10-01 10:35:05;4144;igfxextN.exe
010101;2026-10-01 10:35:05;4196;svchost.exe
010101;2026-10-01 10:35:05;4224;svchost.exe
010101;2026-10-01 10:35:05;4232;svchost.exe
010101;2026-10-01 10:35:05;4244;RstMwService.exe
010101;2026-10-01 10:35:05;4264;svchost.exe
010101;2026-10-01 10:35:05;4352;LockApp.exe
010101;2026-10-01 10:35:05;4444;firefox.exe
010101;2026-10-01 10:35:05;4452;svchost.exe
010101;2026-10-01 10:35:05;4484;svchost.exe
010101;2026-10-01 10:35:05;4620;OpenConsole.exe
010101;2026-10-01 10:35:05;4644;spoolsv.exe
010101;2026-10-01 10:35:05;4740;svchost.exe
010101;2026-10-01 10:35:05;4872;backgroundTaskHost.exe
010101;2026-10-01 10:35:05;4892;svchost.exe
010101;2026-10-01 10:35:05;4900;svchost.exe
010101;2026-10-01 10:35:05;4908;svchost.exe
010101;2026-10-01 10:35:05;4916;svchost.exe
010101;2026-10-01 10:35:05;4924;svchost.exe
010101;2026-10-01 10:35:05;4932;svchost.exe
010101;2026-10-01 10:35:05;4944;svchost.exe
010101;2026-10-01 10:35:05;4956;svchost.exe
010101;2026-10-01 10:35:05;4972;OneApp.IGCC.WinService.exe
010101;2026-10-01 10:35:05;4984;escsvc64.exe
010101;2026-10-01 10:35:05;5000;msedgewebview2.exe
010101;2026-10-01 10:35:05;5004;KillerAnalyticsService.exe
010101;2026-10-01 10:35:05;5016;wslservice.exe
010101;2026-10-01 10:35:05;5024;EPCP.exe
010101;2026-10-01 10:35:05;5032;nvcontainer.exe
010101;2026-10-01 10:35:05;5048;ACCSvc.exe
010101;2026-10-01 10:35:05;5072;IntelAudioService.exe
010101;2026-10-01 10:35:05;5088;RtkAudUService64.exe
010101;2026-10-01 10:35:05;5172;MpDefenderCoreService.exe
010101;2026-10-01 10:35:05;5200;OfficeClickToRun.exe
010101;2026-10-01 10:35:05;5244;rstudio.exe
010101;2026-10-01 10:35:05;5292;LMS.exe
010101;2026-10-01 10:35:05;5356;mysqld.exe
010101;2026-10-01 10:35:05;5628;powershell.exe
010101;2026-10-01 10:35:05;5640;KillerNetworkService.exe
010101;2026-10-01 10:35:05;5704;svchost.exe
010101;2026-10-01 10:35:05;5724;esif_uf.exe
010101;2026-10-01 10:35:05;5868;xTendUtilityService.exe
010101;2026-10-01 10:35:05;5956;svchost.exe
010101;2026-10-01 10:35:05;6044;svchost.exe
010101;2026-10-01 10:35:05;6120;svchost.exe
010101;2026-10-01 10:35:05;6148;Code.exe
010101;2026-10-01 10:35:05;6360;KAPSService.exe
010101;2026-10-01 10:35:05;6480;conhost.exe
010101;2026-10-01 10:35:05;6524;mysqld.exe
010101;2026-10-01 10:35:05;6536;conhost.exe
010101;2026-10-01 10:35:05;6548;conhost.exe
010101;2026-10-01 10:35:05;7076;RuntimeBroker.exe
010101;2026-10-01 10:35:05;7156;xTendUtility.exe
010101;2026-10-01 10:35:05;7164;KAPS.exe
010101;2026-10-01 10:35:05;7184;msedgewebview2.exe
010101;2026-10-01 10:35:05;7344;G-Menu.exe
010101;2026-10-01 10:35:05;7888;powershell.exe
010101;2026-10-01 10:35:05;7892;AggregatorHost.exe
010101;2026-10-01 10:35:05;7908;msedge.exe
010101;2026-10-01 10:35:05;8012;svchost.exe
010101;2026-10-01 10:35:05;8016;RtkAudUService64.exe
010101;2026-10-01 10:35:05;8028;WmiPrvSE.exe
010101;2026-10-01 10:35:05;8088;WindowsPackageManagerServer.exe
010101;2026-10-01 10:35:05;8096;SystemSettings.exe
010101;2026-10-01 10:35:05;8104;NisSrv.exe
010101;2026-10-01 10:35:05;8260;firefox.exe
010101;2026-10-01 10:35:05;8272;TextInputHost.exe
010101;2026-10-01 10:35:05;8344;svchost.exe
010101;2026-10-01 10:35:05;8384;WidgetBoard.exe
010101;2026-10-01 10:35:05;8548;wlanext.exe
010101;2026-10-01 10:35:05;8624;SecurityHealthSystray.exe
010101;2026-10-01 10:35:05;8628;svchost.exe
010101;2026-10-01 10:35:05;8768;svchost.exe
010101;2026-10-01 10:35:05;8860;G_Menu.exe
010101;2026-10-01 10:35:05;8912;PresentationFontCache.exe
010101;2026-10-01 10:35:05;9104;Code.exe
010101;2026-10-01 10:35:05;9192;svchost.exe
010101;2026-10-01 10:35:05;9320;svchost.exe
010101;2026-10-01 10:35:05;9416;firefox.exe
010101;2026-10-01 10:35:05;9448;firefox.exe
010101;2026-10-01 10:35:05;9464;msedge.exe
010101;2026-10-01 10:35:05;9656;svchost.exe
010101;2026-10-01 10:35:05;9792;msedgewebview2.exe
010101;2026-10-01 10:35:05;9800;conhost.exe
010101;2026-10-01 10:35:05;9812;msedgewebview2.exe
010101;2026-10-01 10:35:05;9976;svchost.exe
010101;2026-10-01 10:35:05;9988;svchost.exe
010101;2026-10-01 10:35:05;10200;svchost.exe
010101;2026-10-01 10:35:05;10256;svchost.exe
010101;2026-10-01 10:35:05;10280;msedge.exe
010101;2026-10-01 10:35:05;10292;msedgewebview2.exe
010101;2026-10-01 10:35:05;10316;NgcIso.exe
010101;2026-10-01 10:35:05;10376;Code.exe
010101;2026-10-01 10:35:05;10576;msedgewebview2.exe
010101;2026-10-01 10:35:05;10700;AppActions.exe
010101;2026-10-01 10:35:05;10936;msedge.exe
010101;2026-10-01 10:35:05;10996;Code.exe
010101;2026-10-01 10:35:05;11252;Code.exe
010101;2026-10-01 10:35:05;11364;msedgewebview2.exe
010101;2026-10-01 10:35:05;11372;msedgewebview2.exe
010101;2026-10-01 10:35:05;11700;firefox.exe
010101;2026-10-01 10:35:05;11752;svchost.exe
010101;2026-10-01 10:35:05;11832;fontdrvhost.exe
010101;2026-10-01 10:35:05;11844;taskhostw.exe
010101;2026-10-01 10:35:05;11900;ApplicationFrameHost.exe
010101;2026-10-01 10:35:05;11948;rstudio.exe
010101;2026-10-01 10:35:05;11964;svchost.exe
010101;2026-10-01 10:35:05;12336;csrss.exe
010101;2026-10-01 10:35:05;12512;msedgewebview2.exe
010101;2026-10-01 10:35:05;12540;RuntimeBroker.exe
010101;2026-10-01 10:35:05;12544;jetbrainsd.exe
010101;2026-10-01 10:35:05;12640;FileCoAuth.exe
010101;2026-10-01 10:35:05;12652;Code.exe
010101;2026-10-01 10:35:05;12664;svchost.exe
010101;2026-10-01 10:35:05;12676;sihost.exe
010101;2026-10-01 10:35:05;12708;E_YATIN8E.EXE
010101;2026-10-01 10:35:05;12816;svchost.exe
010101;2026-10-01 10:35:05;13056;firefox.exe
010101;2026-10-01 10:35:05;13224;powershell.exe
010101;2026-10-01 10:35:05;13332;WidgetService.exe
010101;2026-10-01 10:35:05;13704;SearchIndexer.exe
010101;2026-10-01 10:35:05;13908;FileSyncHelper.exe
010101;2026-10-01 10:35:05;13976;RuntimeBroker.exe
010101;2026-10-01 10:35:05;14120;svchost.exe
010101;2026-10-01 10:35:05;14256;dwm.exe
010101;2026-10-01 10:35:05;14300;svchost.exe
010101;2026-10-01 10:35:05;14432;StartMenuExperienceHost.exe
010101;2026-10-01 10:35:05;14668;SecurityHealthService.exe
010101;2026-10-01 10:35:05;14676;PSSvc.exe
010101;2026-10-01 10:35:05;14812;svchost.exe
010101;2026-10-01 10:35:05;14884;DefenderSessionHelper.exe
010101;2026-10-01 10:35:05;15028;firefox.exe
010101;2026-10-01 10:35:05;15276;msedge.exe
010101;2026-10-01 10:35:05;15372;M365Copilot.exe
010101;2026-10-01 10:35:05;15432;Code.exe
010101;2026-10-01 10:35:05;15484;unsecapp.exe
010101;2026-10-01 10:35:05;15576;pet.exe
010101;2026-10-01 10:35:05;15692;svchost.exe
010101;2026-10-01 10:35:05;15816;G-Menu.exe
010101;2026-10-01 10:35:05;15828;svchost.exe
010101;2026-10-01 10:35:05;16056;nvcontainer.exe
010101;2026-10-01 10:35:05;16160;winlogon.exe
010101;2026-10-01 10:35:05;16264;svchost.exe
010101;2026-10-01 10:35:05;16360;Code.exe
010101;2026-10-01 10:35:05;16396;msedgewebview2.exe
010101;2026-10-01 10:35:05;16444;audiodg.exe
010101;2026-10-01 10:35:05;16456;msedge.exe
010101;2026-10-01 10:35:05;16544;firefox.exe
010101;2026-10-01 10:35:05;16580;svchost.exe
010101;2026-10-01 10:35:05;16588;CrossDeviceResume.exe
010101;2026-10-01 10:35:05;16592;G-Menu.exe
010101;2026-10-01 10:35:05;16604;firefox.exe
010101;2026-10-01 10:35:05;16772;NVDisplay.Container.exe
010101;2026-10-01 10:35:05;16968;msedgewebview2.exe
010101;2026-10-01 10:35:05;17224;firefox.exe
010101;2026-10-01 10:35:05;17332;Code.exe
010101;2026-10-01 10:35:05;17652;msedgewebview2.exe
010101;2026-10-01 10:35:05;17756;msedgewebview2.exe
010101;2026-10-01 10:35:05;17884;RuntimeBroker.exe
010101;2026-10-01 10:35:05;17964;msedgewebview2.exe
010101;2026-10-01 10:35:05;18232;rstudio.exe
010101;2026-10-01 10:35:05;18244;rsession-utf8.exe
010101;2026-10-01 10:35:05;18368;Code.exe
010101;2026-10-01 10:35:05;18396;ACCStd.exe
010101;2026-10-01 10:35:05;18604;firefox.exe
010101;2026-10-01 10:35:05;18900;G-Menu.exe
010101;2026-10-01 10:35:05;18980;ctfmon.exe
010101;2026-10-01 10:35:05;19332;svchost.exe
010101;2026-10-01 10:35:05;19516;MicrosoftEdgeUpdate.exe
010101;2026-10-01 10:35:05;19872;msedge.exe
010101;2026-10-01 10:35:05;19952;Code.exe
010101;2026-10-01 10:35:05;20132;UserOOBEBroker.exe
010101;2026-10-01 10:35:05;20148;conhost.exe
010101;2026-10-01 10:35:05;20240;igfxEMN.exe
010101;2026-10-01 10:35:05;20272;firefox.exe
010101;2026-10-01 10:35:05;20320;EEventManager.exe
010101;2026-10-01 10:35:05;20336;firefox.exe
010101;2026-10-01 10:35:05;20416;ms-teams.exe
010101;2026-10-01 10:35:05;20748;firefox.exe
010101;2026-10-01 10:35:05;20804;msedgewebview2.exe
010101;2026-10-01 10:35:05;20904;svchost.exe
010101;2026-10-01 10:35:05;20932;QASvc.exe
010101;2026-10-01 10:35:05;21012;firefox.exe
010101;2026-10-01 10:35:05;21028;Notepad.exe
010101;2026-10-01 10:35:05;21072;firefox.exe
010101;2026-10-01 10:35:05;21084;SearchHost.exe
010101;2026-10-01 10:35:05;21204;powershell.exe
010101;2026-10-01 10:35:05;21460;svchost.exe
010101;2026-10-01 10:35:05;21568;msedgewebview2.exe
010101;2026-10-01 10:35:05;21596;msedgewebview2.exe
010101;2026-10-01 10:35:05;21832;RuntimeBroker.exe
010101;2026-10-01 10:35:05;21856;igfxextN.exe
010101;2026-10-01 10:35:05;21952;svchost.exe
010101;2026-10-01 10:35:05;22092;msedgewebview2.exe
010101;2026-10-01 10:35:05;22144;svchost.exe
010101;2026-10-01 10:35:05;22188;msedgewebview2.exe
010101;2026-10-01 10:35:05;22340;svchost.exe
010101;2026-10-01 10:35:05;22456;OneDrive.Sync.Service.exe
010101;2026-10-01 10:35:05;22552;crashhelper.exe
010101;2026-10-01 10:35:05;22580;svchost.exe
010101;2026-10-01 10:35:05;22768;ms-teams.exe
010101;2026-10-01 10:35:05;22924;PSAdminAgent.exe
010101;2026-10-01 10:35:05;22988;OpenConsole.exe
010101;2026-10-01 10:35:05;23056;msedge.exe
010101;2026-10-01 10:35:05;23096;firefox.exe
010101;2026-10-01 10:35:05;23108;jetbrains-toolbox.exe
010101;2026-10-01 10:35:05;23148;G-Menu.exe
010101;2026-10-01 10:35:05;23212;OpenConsole.exe
010101;2026-10-01 10:35:05;23240;QAAgent.exe
010101;2026-10-01 10:35:05;23296;RtkAudUService64.exe
010101;2026-10-01 10:35:05;23320;QAAdminAgent.exe
010101;2026-10-01 10:35:05;23424;firefox.exe
010101;2026-10-01 10:35:05;23516;Code.exe
010101;2026-10-01 10:35:05;23736;msedge.exe
010101;2026-10-01 10:35:05;23744;PowerToys.FancyZones.exe
010101;2026-10-01 10:35:05;24172;Code.exe
010101;2026-10-01 10:35:05;24188;MicrosoftStartFeedProvider.exe
010101;2026-10-01 10:35:05;24192;Code.exe
010101;2026-10-01 10:35:05;24224;svchost.exe
010101;2026-10-01 10:35:05;24240;firefox.exe
010101;2026-10-01 10:35:05;24400;nvcontainer.exe
010101;2026-10-01 10:35:05;24496;python.exe
010101;2026-10-01 10:35:05;24520;svchost.exe
010101;2026-10-01 10:35:05;24528;firefox.exe
010101;2026-10-01 10:35:05;24616;firefox.exe
010101;2026-10-01 10:35:05;24652;firefox.exe
010101;2026-10-01 10:35:05;25012;firefox.exe
010101;2026-10-01 10:35:05;25016;firefox.exe
010101;2026-10-01 10:35:05;25212;svchost.exe
010101;2026-10-01 10:35:05;25280;ePowerButton_NB.exe
010101;2026-10-01 10:35:05;25416;WmiPrvSE.exe
010101;2026-10-01 10:35:05;25464;Code.exe
